-- phpMyAdmin SQL Dump
-- version 5.0.4
-- https://www.phpmyadmin.net/
--
-- Host: 127.0.0.1
-- Generation Time: Apr 02, 2022 at 08:00 PM
-- Server version: 10.4.17-MariaDB
-- PHP Version: 8.0.1

SET SQL_MODE = "NO_AUTO_VALUE_ON_ZERO";
START TRANSACTION;
SET time_zone = "+00:00";


/*!40101 SET @OLD_CHARACTER_SET_CLIENT=@@CHARACTER_SET_CLIENT */;
/*!40101 SET @OLD_CHARACTER_SET_RESULTS=@@CHARACTER_SET_RESULTS */;
/*!40101 SET @OLD_COLLATION_CONNECTION=@@COLLATION_CONNECTION */;
/*!40101 SET NAMES utf8mb4 */;

--
-- Database: `gaminggear`
--
CREATE DATABASE IF NOT EXISTS `gaminggear` DEFAULT CHARACTER SET utf8 COLLATE utf8_general_ci;
USE `gaminggear`;
-- --------------------------------------------------------

--
-- Table structure for table `chitiethoadon`
--

CREATE TABLE IF NOT EXISTS `chitiethoadon` (
  `mahd` int(11) NOT NULL,
  `tensp` varchar(255) NOT NULL,
  `soluong` int(11) NOT NULL,
  `gia` int(11) NOT NULL,
  `id_hdct` int(10) NOT NULL AUTO_INCREMENT,
  PRIMARY KEY (`id_hdct`)
) ENGINE=InnoDB  DEFAULT CHARSET=utf8 AUTO_INCREMENT=7 ;

--
-- Dumping data for table `chitiethoadon`
--

INSERT INTO `chitiethoadon` (`mahd`, `tensp`, `soluong`, `gia`, `id_hdct`) VALUES
('23', 'PlayStation 5 / PS5 Standard Edition - KOREA [ CFI', 7, 18800000, 10),
('23', 'PlayStation 5 / PS5 Digital Edition - KOREA [ CFI-', 7, 17300000, 11),
('23', 'PlayStation 5 / PS5 Standard Edition - JAPAN [ CFI', 2, 19300000, 12),
('23', 'Xbox Series S - Fortnite & Rocket League Bundle', 4, 9800000, 13),
('23', 'Xbox Series S 512GB', 1, 9500000, 14),
('23', 'Xbox 360 Slim 250GB JTAG USED', 3, 3280000, 15),
('23', 'Xbox One 500GB USED', 5, 4500000, 16),
('23', 'Kính thực tế ảo VR Oculus Quest 2 - 256GB', 14, 10150000, 17),
('23', 'Kính thực tế ảo VR Oculus Quest 2 - 128GB', 12, 8850000, 18),
('23', 'New Nintendo Switch with Neon Red Blue Joy‑Con', 5, 7880000, 19),
('23', 'CHUỘT LOGITECH G502 HERO', 10, 1780000, 20),
('24', 'Kính thực tế ảo VR Oculus Quest 2 - 256GB', 1, 10150000, 21);

-- --------------------------------------------------------

--
-- Table structure for table `danhmuc`
--

CREATE TABLE IF NOT EXISTS `danhmuc` (
  `madm` int(11) NOT NULL AUTO_INCREMENT,
  `tendm` varchar(50) NOT NULL,
  `dequi` int(11) NOT NULL,
  PRIMARY KEY (`madm`)
) ENGINE=InnoDB  DEFAULT CHARSET=utf8 AUTO_INCREMENT=15 ;

--
-- Dumping data for table `danhmuc`
--

INSERT INTO `danhmuc` (`madm`, `tendm`, `dequi`) VALUES
(4, 'PlayStation 5', 26),
(5, 'Xbox Series X | S', 26),
(6, 'Xbox One | Xbox 360', 26),
(7, 'Oculus', 26),
(8, 'Nintendo Switch', 26),
(9, 'Nintendo Switch Lite', 26),
(11, 'Chuột', 25),
(12, 'Bàn Phím', 25),
(13, 'Tai Nghe', 25),
(15, 'Máy Game Retro', 26),
(16, 'Phụ Kiện', 25),
(21, 'Nintendo Switch OLED', 26),
(22, 'PlayStation 4', 26),
(25, 'GAMING GEAR', 0),
(26, 'Máy Chơi Game', 0);

-- --------------------------------------------------------

--
-- Table structure for table `hoadon`
--

CREATE TABLE IF NOT EXISTS `hoadon` (
  `mahd` int(11) NOT NULL AUTO_INCREMENT,
  `idnd` int(11) NOT NULL,
  `hoten` varchar(255) NOT NULL,
  `diachi` varchar(255) NOT NULL,
  `dienthoai` int(11) NOT NULL,
  `email` varchar(255) NOT NULL,
  `ngaydathang` date NOT NULL,
  `trangthai` int(11) NOT NULL,
  `phuongthucthanhtoan` int(11) NOT NULL,
  PRIMARY KEY (`mahd`)
) ENGINE=InnoDB  DEFAULT CHARSET=utf8 AUTO_INCREMENT=21 ;

--
-- Dumping data for table `hoadon`
--

INSERT INTO `hoadon` (`mahd`, `idnd`, `hoten`, `diachi`, `dienthoai`, `email`, `ngaydathang`,  `phuongthucthanhtoan`,  `trangthai`) VALUES
(23, 9, 'Võ Quang Huy', 'd', 917485774, 'captonboard@gmail.com', '2022-04-02', 1, 2),
(24, 9, 'Võ Quang Huy', 'd', 917485774, 'captonboard@gmail.com', '2022-04-02', 1, 1);

-- --------------------------------------------------------

--
-- Table structure for table `hotro`
--

CREATE TABLE IF NOT EXISTS `hotro` (
  `idht` int(11) NOT NULL AUTO_INCREMENT,
  `chude` varchar(255) NOT NULL,
  `noidung` text NOT NULL,
  `hoten` varchar(255) NOT NULL,
  `dienthoai` int(11) NOT NULL,
  `email` varchar(255) NOT NULL,
  `ngaygui` date NOT NULL,
    `trangthai` int(11) NOT NULL,
  PRIMARY KEY (`idht`)
) ENGINE=InnoDB  DEFAULT CHARSET=utf8 AUTO_INCREMENT=3 ;

--
-- Dumping data for table `hotro`
--

INSERT INTO `hotro` (`idht`, `chude`, `noidung`, `hoten`, `dienthoai`, `email`, `ngaygui`,`trangthai`) VALUES
(3, 'Lỗi máy Xbox One mới mua', 'Con xbox mình mới mua ở shop bị hiện tượng quá nóng và thường xuyên bị shut down và phải mở máy lại. Mong shop phản hồi nhanh và giải quyết giúp mình tình trạng này ạ!', 'Đinh Tấn Hoàng', 947429254, 'dinhtanhoang1410@gmail.com', '2022-04-02',0);

-- --------------------------------------------------------

--
-- Table structure for table `nguoidung`
--

CREATE TABLE IF NOT EXISTS `nguoidung` (
  `idnd` int(11) NOT NULL AUTO_INCREMENT,
  `tennd` varchar(255) NOT NULL,
  `username` varchar(50) NOT NULL,
  `password` varchar(50) NOT NULL,
  `ngaysinh` date NOT NULL,
  `gioitinh` varchar(10) NOT NULL,
  `email` varchar(255) NOT NULL,
  `dienthoai` int(11) NOT NULL,
  `diachi` varchar(255) NOT NULL,
  `ngaydangky` date NOT NULL,
  `phanquyen` int(11) NOT NULL,
  PRIMARY KEY (`idnd`)
) ENGINE=InnoDB  DEFAULT CHARSET=utf8 AUTO_INCREMENT=5 ;

--
-- Dumping data for table `nguoidung`
--

INSERT INTO `nguoidung` (`idnd`, `tennd`, `username`, `password`, `ngaysinh`, `gioitinh`, `email`, `dienthoai`, `diachi`, `ngaydangky`, `phanquyen`) VALUES
(9, 'Võ Quang Huy', 'huyhhuy1', '49c16aa079abbc5efc695d7bf0164a44', '1998-01-01', 'nam', 'captonboard@gmail.com', 917485774, 'd', '2022-04-01', 0),
(10, 'Đinh Tấn Hoàng', 'dinhtanhoang', '49c16aa079abbc5efc695d7bf0164a44', '1997-12-23', 'nam', 'dinhtanhoang1410@gmail.com', 947429254, 'asdasdasd', '2022-04-02', 1),
(11, 'huykhum', 'huykhum', '9447c6d4eaa62569055ba69a66d6f003', '1998-10-14', 'nu', 'giahaodtu17@gmail.com', 0, '', '2022-04-02', 1);

-- --------------------------------------------------------

--
-- Table structure for table `sanpham`
--

CREATE TABLE IF NOT EXISTS `sanpham` (
  `idsp` int(11) NOT NULL AUTO_INCREMENT,
  `tensp` varchar(255) NOT NULL,
  `hinhanh` varchar(255) NOT NULL,
  `mau` varchar(20) NOT NULL,
  `chitiet` text NOT NULL,
  `soluong` int(11) NOT NULL,
  `daban` int(11) NOT NULL,
  `gia` int(11) NOT NULL,
  `madm` int(11) NOT NULL,
  `ngaycapnhat` date NOT NULL,
  `trangthai` int(11) NOT NULL,
  PRIMARY KEY (`idsp`),
  UNIQUE (`tensp`)
) ENGINE=InnoDB  DEFAULT CHARSET=utf8 AUTO_INCREMENT=84 ;

--
-- Dumping data for table `sanpham`
--

INSERT INTO `sanpham` (`idsp`, `tensp`, `hinhanh`, `mau`, `chitiet`, `soluong`, `daban`, `gia`, `madm`, `ngaycapnhat`, `trangthai`) VALUES
(86, 'PlayStation 5 / PS5 Standard Edition - KOREA [ CFI-1118 ]', '20220402090705ps5-standard-korea-km-dac-biet-700x700.jpg', 'Trắng', '<table style=\"width:538.2px\">\r\n	<thead>\r\n		<tr>\r\n			<td colspan=\"2\" style=\"vertical-align:middle; width:518.2px\">CẤU H&Igrave;NH CHI TIẾT</td>\r\n		</tr>\r\n	</thead>\r\n	<tbody>\r\n		<tr>\r\n			<td style=\"border-color:transparent; vertical-align:middle; width:114px\">M&atilde; sản phẩm</td>\r\n			<td style=\"border-color:transparent; vertical-align:middle\">PS5 Standard Edition</td>\r\n		</tr>\r\n		<tr>\r\n			<td style=\"border-color:transparent; vertical-align:middle; width:114px\">Chi tiết CPU</td>\r\n			<td style=\"border-color:transparent; vertical-align:middle\">AMD Zen 2 8 nh&acirc;n 16 luồng, xung nhịp 3.5GHz</td>\r\n		</tr>\r\n		<tr>\r\n			<td style=\"border-color:transparent; vertical-align:middle; width:114px\">GPU</td>\r\n			<td style=\"border-color:transparent; vertical-align:middle\">Kiến tr&uacute;c RDNA 2 của AMD, sức mạnh 10.3 TFLOPS, tốc độ 2.23GHz, hỗ trợ Ray-Tracing</td>\r\n		</tr>\r\n		<tr>\r\n			<td style=\"border-color:transparent; vertical-align:middle; width:114px\">RAM</td>\r\n			<td style=\"border-color:transparent; vertical-align:middle\">GDDR6 16GB</td>\r\n		</tr>\r\n		<tr>\r\n			<td style=\"border-color:transparent; vertical-align:middle; width:114px\">Bộ nhớ trong</td>\r\n			<td style=\"border-color:transparent; vertical-align:middle\">825GB SSD tốc độ đạt 5,5 GB/s</td>\r\n		</tr>\r\n		<tr>\r\n			<td style=\"vertical-align:middle; width:114px\">T&iacute;nh năng mới</td>\r\n			<td style=\"border-color:transparent; vertical-align:middle\">Hỗ trợ Ray-Tracing, hỗ trợ chơi game 8K 120Hz, &acirc;m thanh v&ograve;m 3D audio, tương th&iacute;ch ngược với game PS4</td>\r\n		</tr>\r\n	</tbody>\r\n	<thead>\r\n		<tr>\r\n			<td colspan=\"2\" style=\"border-color:transparent; vertical-align:middle; width:518.2px\">KẾT NỐI DỮ LIỆU</td>\r\n		</tr>\r\n	</thead>\r\n	<tbody>\r\n		<tr>\r\n			<td style=\"border-color:transparent; vertical-align:middle; width:114px\">Ổ đĩa BD/DVD (chỉ đọc)</td>\r\n			<td style=\"border-color:transparent; vertical-align:middle\">Ultra HD Blu-ray (66G/100G) ~10xCAV, BD-ROM (25G/50G) ~8xCAV, BD-R/RE (25G/50G) ~8xCAV, DVD ~3.2xCLV</td>\r\n		</tr>\r\n		<tr>\r\n			<td style=\"border-color:transparent; vertical-align:middle; width:114px\">Wi-Fi</td>\r\n			<td style=\"border-color:transparent; vertical-align:middle\">802.11 a/b/g/n/ac/ax</td>\r\n		</tr>\r\n		<tr>\r\n			<td style=\"border-color:transparent; vertical-align:middle; width:114px\">Bluetooth</td>\r\n			<td style=\"border-color:transparent; vertical-align:middle\">5.1</td>\r\n		</tr>\r\n		<tr>\r\n			<td style=\"border-color:transparent; vertical-align:middle; width:114px\">Cổng kết nối</td>\r\n			<td style=\"border-color:transparent; vertical-align:middle\">HDMI 2.1, 3 x USB-A, 1 x USB-C</td>\r\n		</tr>\r\n		<tr>\r\n			<td style=\"border-color:transparent; vertical-align:middle; width:114px\">Cổng ra AV</td>\r\n			<td style=\"border-color:transparent; vertical-align:middle\">HDMI 2.1 (4K@120Hz, 8K@60Hz)</td>\r\n		</tr>\r\n		<tr>\r\n			<td style=\"vertical-align:middle; width:114px\">Kết nối mạng</td>\r\n			<td style=\"border-color:transparent; vertical-align:middle\">Ethernet (10BASE-T, 100BASE-TX, 1000BASE-T)</td>\r\n		</tr>\r\n	</tbody>\r\n	<thead>\r\n		<tr>\r\n			<td colspan=\"2\" style=\"border-color:transparent; vertical-align:middle; width:518.2px\">TH&Ocirc;NG SỐ VẬT L&Yacute;</td>\r\n		</tr>\r\n	</thead>\r\n	<tbody>\r\n		<tr>\r\n			<td style=\"border-color:transparent; vertical-align:middle; width:114px\">M&agrave;u sắc sản phẩm</td>\r\n			<td style=\"border-color:transparent; vertical-align:middle\">Trắng</td>\r\n		</tr>\r\n		<tr>\r\n			<td style=\"border-color:transparent; vertical-align:middle; width:114px\">K&iacute;ch thước</td>\r\n			<td style=\"border-color:transparent; vertical-align:middle\">39 x 10.4 x 26 (cm)</td>\r\n		</tr>\r\n		<tr>\r\n			<td style=\"border-color:transparent; vertical-align:middle; width:114px\">Trọng lượng</td>\r\n			<td style=\"border-color:transparent; vertical-align:middle\">4.5kg</td>\r\n		</tr>\r\n		<tr>\r\n			<td style=\"border-color:transparent; vertical-align:middle; width:114px\">Nguồn điện</td>\r\n			<td style=\"border-color:transparent; vertical-align:middle\">100-240V, 50/60Hz</td>\r\n		</tr>\r\n		<tr>\r\n			<td style=\"border-color:transparent; vertical-align:middle; width:114px\">C&ocirc;ng suất ti&ecirc;u thụ</td>\r\n			<td style=\"border-color:transparent; vertical-align:middle\">350W</td>\r\n		</tr>\r\n		<tr>\r\n			<td style=\"vertical-align:middle; width:114px\">Nhiệt độ l&agrave;m việc</td>\r\n			<td style=\"border-color:transparent; vertical-align:middle\">55 - 65 độ C</td>\r\n		</tr>\r\n	</tbody>\r\n	<thead>\r\n		<tr>\r\n			<td colspan=\"2\" style=\"border-color:transparent; vertical-align:middle; width:518.2px\">KH&Aacute;C</td>\r\n		</tr>\r\n	</thead>\r\n	<tbody>\r\n		<tr>\r\n			<td style=\"vertical-align:middle; width:114px\">Trọn bộ sản phẩm</td>\r\n			<td style=\"border-color:transparent; vertical-align:middle\">M&aacute;y PS5 Standard Edition, Tay cầm DualSense, D&acirc;y USB-C, C&aacute;p HDMI, D&acirc;y nguồn, Ch&acirc;n đế, S&aacute;ch hướng dẫn</td>\r\n		</tr>\r\n	</tbody>\r\n</table>\r\n', 10, 7, 18800000, 4, '2022-04-02', 0),
(87, 'PlayStation 5 / PS5 Digital Edition - KOREA [ CFI-1118B ]', '20220402142516ps5-standard-korea-km-dac-biet-700x700.jpg', 'Trắng', '<table style=\"width:538.2px\">\r\n	<thead>\r\n		<tr>\r\n			<td colspan=\"2\" style=\"vertical-align:middle; width:518.2px\">CẤU H&Igrave;NH CHI TIẾT</td>\r\n		</tr>\r\n	</thead>\r\n	<tbody>\r\n		<tr>\r\n			<td style=\"border-color:transparent; vertical-align:middle; width:114px\">M&atilde; sản phẩm</td>\r\n			<td style=\"border-color:transparent; vertical-align:middle\">PS5 Digital Edition</td>\r\n		</tr>\r\n		<tr>\r\n			<td style=\"border-color:transparent; vertical-align:middle; width:114px\">Chi tiết CPU</td>\r\n			<td style=\"border-color:transparent; vertical-align:middle\">8-core AMD Zen 2 3.5 GHz</td>\r\n		</tr>\r\n		<tr>\r\n			<td style=\"border-color:transparent; vertical-align:middle; width:114px\">GPU</td>\r\n			<td style=\"border-color:transparent; vertical-align:middle\">Kiến tr&uacute;c RDNA 2 của AMD, sức mạnh 10.3 TFLOPS, tốc độ 2.23GHz, hỗ trợ Ray-Tracing</td>\r\n		</tr>\r\n		<tr>\r\n			<td style=\"border-color:transparent; vertical-align:middle; width:114px\">RAM</td>\r\n			<td style=\"border-color:transparent; vertical-align:middle\">GDDR6 16GB</td>\r\n		</tr>\r\n		<tr>\r\n			<td style=\"border-color:transparent; vertical-align:middle; width:114px\">Bộ nhớ trong</td>\r\n			<td style=\"border-color:transparent; vertical-align:middle\">825GB Custom SSD tốc độ đạt 5,5 GB/s</td>\r\n		</tr>\r\n		<tr>\r\n			<td style=\"vertical-align:middle; width:114px\">T&iacute;nh năng mới</td>\r\n			<td style=\"border-color:transparent; vertical-align:middle\">Hỗ trợ Ray-Tracing, hỗ trợ xuất h&igrave;nh ảnh game 4K 120Hz hoặc 8K 60Hz, &acirc;m thanh v&ograve;m 3D audio, tương th&iacute;ch ngược với game PS4</td>\r\n		</tr>\r\n	</tbody>\r\n	<thead>\r\n		<tr>\r\n			<td colspan=\"2\" style=\"border-color:transparent; vertical-align:middle; width:518.2px\">KẾT NỐI DỮ LIỆU</td>\r\n		</tr>\r\n	</thead>\r\n	<tbody>\r\n		<tr>\r\n			<td style=\"border-color:transparent; vertical-align:middle; width:114px\">Ổ đĩa BD/DVD (chỉ đọc)</td>\r\n			<td style=\"border-color:transparent; vertical-align:middle\">Kh&ocirc;ng c&oacute;</td>\r\n		</tr>\r\n		<tr>\r\n			<td style=\"border-color:transparent; vertical-align:middle; width:114px\">Wi-Fi</td>\r\n			<td style=\"border-color:transparent; vertical-align:middle\">802.11 a/b/g/n/ac/ax</td>\r\n		</tr>\r\n		<tr>\r\n			<td style=\"border-color:transparent; vertical-align:middle; width:114px\">Bluetooth</td>\r\n			<td style=\"border-color:transparent; vertical-align:middle\">5.1</td>\r\n		</tr>\r\n		<tr>\r\n			<td style=\"border-color:transparent; vertical-align:middle; width:114px\">Cổng kết nối</td>\r\n			<td style=\"border-color:transparent; vertical-align:middle\">HDMI 2.1, 3 x USB-A, 1 x USB-C</td>\r\n		</tr>\r\n		<tr>\r\n			<td style=\"border-color:transparent; vertical-align:middle; width:114px\">Cổng ra AV</td>\r\n			<td style=\"border-color:transparent; vertical-align:middle\">HDMI 2.1 (4K@120Hz, 8K@60Hz)</td>\r\n		</tr>\r\n		<tr>\r\n			<td style=\"vertical-align:middle; width:114px\">Kết nối mạng</td>\r\n			<td style=\"border-color:transparent; vertical-align:middle\">Ethernet (10BASE-T, 100BASE-TX, 1000BASE-T)</td>\r\n		</tr>\r\n	</tbody>\r\n	<thead>\r\n		<tr>\r\n			<td colspan=\"2\" style=\"border-color:transparent; vertical-align:middle; width:518.2px\">TH&Ocirc;NG SỐ VẬT L&Yacute;</td>\r\n		</tr>\r\n	</thead>\r\n	<tbody>\r\n		<tr>\r\n			<td style=\"border-color:transparent; vertical-align:middle; width:114px\">M&agrave;u sắc sản phẩm</td>\r\n			<td style=\"border-color:transparent; vertical-align:middle\">Trắng</td>\r\n		</tr>\r\n		<tr>\r\n			<td style=\"border-color:transparent; vertical-align:middle; width:114px\">K&iacute;ch thước</td>\r\n			<td style=\"border-color:transparent; vertical-align:middle\">39 x 9.2x 26 (cm)</td>\r\n		</tr>\r\n		<tr>\r\n			<td style=\"border-color:transparent; vertical-align:middle; width:114px\">Trọng lượng</td>\r\n			<td style=\"border-color:transparent; vertical-align:middle\">3.9kg</td>\r\n		</tr>\r\n		<tr>\r\n			<td style=\"border-color:transparent; vertical-align:middle; width:114px\">Nguồn điện</td>\r\n			<td style=\"border-color:transparent; vertical-align:middle\">100-240V, 50/60Hz</td>\r\n		</tr>\r\n		<tr>\r\n			<td style=\"border-color:transparent; vertical-align:middle; width:114px\">C&ocirc;ng suất ti&ecirc;u thụ</td>\r\n			<td style=\"border-color:transparent; vertical-align:middle\">340W</td>\r\n		</tr>\r\n		<tr>\r\n			<td style=\"vertical-align:middle; width:114px\">Nhiệt độ l&agrave;m việc</td>\r\n			<td style=\"border-color:transparent; vertical-align:middle\">55 - 65 độ C</td>\r\n		</tr>\r\n	</tbody>\r\n	<thead>\r\n		<tr>\r\n			<td colspan=\"2\" style=\"border-color:transparent; vertical-align:middle; width:518.2px\">KH&Aacute;C</td>\r\n		</tr>\r\n	</thead>\r\n	<tbody>\r\n		<tr>\r\n			<td style=\"vertical-align:middle; width:114px\">Trọn bộ sản phẩm</td>\r\n			<td style=\"border-color:transparent; vertical-align:middle\">M&aacute;y PS5 Digital Edition, Tay cầm DualSense, D&acirc;y USB-C, C&aacute;p HDMI, D&acirc;y nguồn, Ch&acirc;n đế, S&aacute;ch hướng dẫn</td>\r\n		</tr>\r\n	</tbody>\r\n</table>\r\n', 15, 7, 17300000, 4, '2022-04-02', 0),
(88, 'PlayStation 5 / PS5 Standard Edition - JAPAN [ CFI-1100A ]', '20220402142840ps5-standard-jp-km-dac-biet-700x700.jpg', 'Trắng', '<table style=\"width:538.2px\">\r\n	<thead>\r\n		<tr>\r\n			<td colspan=\"2\" style=\"vertical-align:middle; width:518.2px\">CẤU H&Igrave;NH CHI TIẾT</td>\r\n		</tr>\r\n	</thead>\r\n	<tbody>\r\n		<tr>\r\n			<td style=\"border-color:transparent; vertical-align:middle; width:114px\">M&atilde; sản phẩm</td>\r\n			<td style=\"border-color:transparent; vertical-align:middle\">PS5 Standard Edition</td>\r\n		</tr>\r\n		<tr>\r\n			<td style=\"border-color:transparent; vertical-align:middle; width:114px\">Chi tiết CPU</td>\r\n			<td style=\"border-color:transparent; vertical-align:middle\">AMD Zen 2 8 nh&acirc;n 16 luồng, xung nhịp 3.5GHz</td>\r\n		</tr>\r\n		<tr>\r\n			<td style=\"border-color:transparent; vertical-align:middle; width:114px\">GPU</td>\r\n			<td style=\"border-color:transparent; vertical-align:middle\">Kiến tr&uacute;c RDNA 2 của AMD, sức mạnh 10.3 TFLOPS, tốc độ 2.23GHz, hỗ trợ Ray-Tracing</td>\r\n		</tr>\r\n		<tr>\r\n			<td style=\"border-color:transparent; vertical-align:middle; width:114px\">RAM</td>\r\n			<td style=\"border-color:transparent; vertical-align:middle\">GDDR6 16GB</td>\r\n		</tr>\r\n		<tr>\r\n			<td style=\"border-color:transparent; vertical-align:middle; width:114px\">Bộ nhớ trong</td>\r\n			<td style=\"border-color:transparent; vertical-align:middle\">825GB SSD tốc độ đạt 5,5 GB/s</td>\r\n		</tr>\r\n		<tr>\r\n			<td style=\"vertical-align:middle; width:114px\">T&iacute;nh năng mới</td>\r\n			<td style=\"border-color:transparent; vertical-align:middle\">Hỗ trợ Ray-Tracing, hỗ trợ chơi game 8K 120Hz, &acirc;m thanh v&ograve;m 3D audio, tương th&iacute;ch ngược với game PS4</td>\r\n		</tr>\r\n	</tbody>\r\n	<thead>\r\n		<tr>\r\n			<td colspan=\"2\" style=\"border-color:transparent; vertical-align:middle; width:518.2px\">KẾT NỐI DỮ LIỆU</td>\r\n		</tr>\r\n	</thead>\r\n	<tbody>\r\n		<tr>\r\n			<td style=\"border-color:transparent; vertical-align:middle; width:114px\">Ổ đĩa BD/DVD (chỉ đọc)</td>\r\n			<td style=\"border-color:transparent; vertical-align:middle\">Ultra HD Blu-ray (66G/100G) ~10xCAV, BD-ROM (25G/50G) ~8xCAV, BD-R/RE (25G/50G) ~8xCAV, DVD ~3.2xCLV</td>\r\n		</tr>\r\n		<tr>\r\n			<td style=\"border-color:transparent; vertical-align:middle; width:114px\">Wi-Fi</td>\r\n			<td style=\"border-color:transparent; vertical-align:middle\">802.11 a/b/g/n/ac/ax</td>\r\n		</tr>\r\n		<tr>\r\n			<td style=\"border-color:transparent; vertical-align:middle; width:114px\">Bluetooth</td>\r\n			<td style=\"border-color:transparent; vertical-align:middle\">5.1</td>\r\n		</tr>\r\n		<tr>\r\n			<td style=\"border-color:transparent; vertical-align:middle; width:114px\">Cổng kết nối</td>\r\n			<td style=\"border-color:transparent; vertical-align:middle\">HDMI 2.1, 3 x USB-A, 1 x USB-C</td>\r\n		</tr>\r\n		<tr>\r\n			<td style=\"border-color:transparent; vertical-align:middle; width:114px\">Cổng ra AV</td>\r\n			<td style=\"border-color:transparent; vertical-align:middle\">HDMI 2.1 (4K@120Hz, 8K@60Hz)</td>\r\n		</tr>\r\n		<tr>\r\n			<td style=\"vertical-align:middle; width:114px\">Kết nối mạng</td>\r\n			<td style=\"border-color:transparent; vertical-align:middle\">Ethernet (10BASE-T, 100BASE-TX, 1000BASE-T)</td>\r\n		</tr>\r\n	</tbody>\r\n	<thead>\r\n		<tr>\r\n			<td colspan=\"2\" style=\"border-color:transparent; vertical-align:middle; width:518.2px\">TH&Ocirc;NG SỐ VẬT L&Yacute;</td>\r\n		</tr>\r\n	</thead>\r\n	<tbody>\r\n		<tr>\r\n			<td style=\"border-color:transparent; vertical-align:middle; width:114px\">M&agrave;u sắc sản phẩm</td>\r\n			<td style=\"border-color:transparent; vertical-align:middle\">Trắng</td>\r\n		</tr>\r\n		<tr>\r\n			<td style=\"border-color:transparent; vertical-align:middle; width:114px\">K&iacute;ch thước</td>\r\n			<td style=\"border-color:transparent; vertical-align:middle\">39 x 10.4 x 26 (cm)</td>\r\n		</tr>\r\n		<tr>\r\n			<td style=\"border-color:transparent; vertical-align:middle; width:114px\">Trọng lượng</td>\r\n			<td style=\"border-color:transparent; vertical-align:middle\">4.5kg</td>\r\n		</tr>\r\n		<tr>\r\n			<td style=\"border-color:transparent; vertical-align:middle; width:114px\">Nguồn điện</td>\r\n			<td style=\"border-color:transparent; vertical-align:middle\">100-240V, 50/60Hz</td>\r\n		</tr>\r\n		<tr>\r\n			<td style=\"border-color:transparent; vertical-align:middle; width:114px\">C&ocirc;ng suất ti&ecirc;u thụ</td>\r\n			<td style=\"border-color:transparent; vertical-align:middle\">350W</td>\r\n		</tr>\r\n		<tr>\r\n			<td style=\"vertical-align:middle; width:114px\">Nhiệt độ l&agrave;m việc</td>\r\n			<td style=\"border-color:transparent; vertical-align:middle\">55 - 65 độ C</td>\r\n		</tr>\r\n	</tbody>\r\n	<thead>\r\n		<tr>\r\n			<td colspan=\"2\" style=\"border-color:transparent; vertical-align:middle; width:518.2px\">KH&Aacute;C</td>\r\n		</tr>\r\n	</thead>\r\n	<tbody>\r\n		<tr>\r\n			<td style=\"vertical-align:middle; width:114px\">Trọn bộ sản phẩm</td>\r\n			<td style=\"border-color:transparent; vertical-align:middle\">M&aacute;y PS5 Standard Edition, Tay cầm DualSense, D&acirc;y USB-C, C&aacute;p HDMI, D&acirc;y nguồn, Ch&acirc;n đế, S&aacute;ch hướng dẫn</td>\r\n		</tr>\r\n	</tbody>\r\n</table>\r\n', 15, 2, 19300000, 4, '2022-04-02', 0),
(89, 'PlayStation 5 / PS5 Digital Edition - JAPAN [ CFI-1100B ]', '20220402142937ps5-standard-jp-km-dac-biet-700x700.jpg', 'Trắng', '<table style=\"width:538.2px\">\r\n	<thead>\r\n		<tr>\r\n			<td colspan=\"2\" style=\"vertical-align:middle; width:518.2px\">CẤU H&Igrave;NH CHI TIẾT</td>\r\n		</tr>\r\n	</thead>\r\n	<tbody>\r\n		<tr>\r\n			<td style=\"border-color:transparent; vertical-align:middle; width:114px\">M&atilde; sản phẩm</td>\r\n			<td style=\"border-color:transparent; vertical-align:middle\">PS5 Digital Edition</td>\r\n		</tr>\r\n		<tr>\r\n			<td style=\"border-color:transparent; vertical-align:middle; width:114px\">Chi tiết CPU</td>\r\n			<td style=\"border-color:transparent; vertical-align:middle\">8-core AMD Zen 2 3.5 GHz</td>\r\n		</tr>\r\n		<tr>\r\n			<td style=\"border-color:transparent; vertical-align:middle; width:114px\">GPU</td>\r\n			<td style=\"border-color:transparent; vertical-align:middle\">Kiến tr&uacute;c RDNA 2 của AMD, sức mạnh 10.3 TFLOPS, tốc độ 2.23GHz, hỗ trợ Ray-Tracing</td>\r\n		</tr>\r\n		<tr>\r\n			<td style=\"border-color:transparent; vertical-align:middle; width:114px\">RAM</td>\r\n			<td style=\"border-color:transparent; vertical-align:middle\">GDDR6 16GB</td>\r\n		</tr>\r\n		<tr>\r\n			<td style=\"border-color:transparent; vertical-align:middle; width:114px\">Bộ nhớ trong</td>\r\n			<td style=\"border-color:transparent; vertical-align:middle\">825GB Custom SSD tốc độ đạt 5,5 GB/s</td>\r\n		</tr>\r\n		<tr>\r\n			<td style=\"vertical-align:middle; width:114px\">T&iacute;nh năng mới</td>\r\n			<td style=\"border-color:transparent; vertical-align:middle\">Hỗ trợ Ray-Tracing, hỗ trợ xuất h&igrave;nh ảnh game 4K 120Hz hoặc 8K 60Hz, &acirc;m thanh v&ograve;m 3D audio, tương th&iacute;ch ngược với game PS4</td>\r\n		</tr>\r\n	</tbody>\r\n	<thead>\r\n		<tr>\r\n			<td colspan=\"2\" style=\"border-color:transparent; vertical-align:middle; width:518.2px\">KẾT NỐI DỮ LIỆU</td>\r\n		</tr>\r\n	</thead>\r\n	<tbody>\r\n		<tr>\r\n			<td style=\"border-color:transparent; vertical-align:middle; width:114px\">Ổ đĩa BD/DVD (chỉ đọc)</td>\r\n			<td style=\"border-color:transparent; vertical-align:middle\">Kh&ocirc;ng c&oacute;</td>\r\n		</tr>\r\n		<tr>\r\n			<td style=\"border-color:transparent; vertical-align:middle; width:114px\">Wi-Fi</td>\r\n			<td style=\"border-color:transparent; vertical-align:middle\">802.11 a/b/g/n/ac/ax</td>\r\n		</tr>\r\n		<tr>\r\n			<td style=\"border-color:transparent; vertical-align:middle; width:114px\">Bluetooth</td>\r\n			<td style=\"border-color:transparent; vertical-align:middle\">5.1</td>\r\n		</tr>\r\n		<tr>\r\n			<td style=\"border-color:transparent; vertical-align:middle; width:114px\">Cổng kết nối</td>\r\n			<td style=\"border-color:transparent; vertical-align:middle\">HDMI 2.1, 3 x USB-A, 1 x USB-C</td>\r\n		</tr>\r\n		<tr>\r\n			<td style=\"border-color:transparent; vertical-align:middle; width:114px\">Cổng ra AV</td>\r\n			<td style=\"border-color:transparent; vertical-align:middle\">HDMI 2.1 (4K@120Hz, 8K@60Hz)</td>\r\n		</tr>\r\n		<tr>\r\n			<td style=\"vertical-align:middle; width:114px\">Kết nối mạng</td>\r\n			<td style=\"border-color:transparent; vertical-align:middle\">Ethernet (10BASE-T, 100BASE-TX, 1000BASE-T)</td>\r\n		</tr>\r\n	</tbody>\r\n	<thead>\r\n		<tr>\r\n			<td colspan=\"2\" style=\"border-color:transparent; vertical-align:middle; width:518.2px\">TH&Ocirc;NG SỐ VẬT L&Yacute;</td>\r\n		</tr>\r\n	</thead>\r\n	<tbody>\r\n		<tr>\r\n			<td style=\"border-color:transparent; vertical-align:middle; width:114px\">M&agrave;u sắc sản phẩm</td>\r\n			<td style=\"border-color:transparent; vertical-align:middle\">Trắng</td>\r\n		</tr>\r\n		<tr>\r\n			<td style=\"border-color:transparent; vertical-align:middle; width:114px\">K&iacute;ch thước</td>\r\n			<td style=\"border-color:transparent; vertical-align:middle\">39 x 9.2x 26 (cm)</td>\r\n		</tr>\r\n		<tr>\r\n			<td style=\"border-color:transparent; vertical-align:middle; width:114px\">Trọng lượng</td>\r\n			<td style=\"border-color:transparent; vertical-align:middle\">3.9kg</td>\r\n		</tr>\r\n		<tr>\r\n			<td style=\"border-color:transparent; vertical-align:middle; width:114px\">Nguồn điện</td>\r\n			<td style=\"border-color:transparent; vertical-align:middle\">100-240V, 50/60Hz</td>\r\n		</tr>\r\n		<tr>\r\n			<td style=\"border-color:transparent; vertical-align:middle; width:114px\">C&ocirc;ng suất ti&ecirc;u thụ</td>\r\n			<td style=\"border-color:transparent; vertical-align:middle\">340W</td>\r\n		</tr>\r\n		<tr>\r\n			<td style=\"vertical-align:middle; width:114px\">Nhiệt độ l&agrave;m việc</td>\r\n			<td style=\"border-color:transparent; vertical-align:middle\">55 - 65 độ C</td>\r\n		</tr>\r\n	</tbody>\r\n	<thead>\r\n		<tr>\r\n			<td colspan=\"2\" style=\"border-color:transparent; vertical-align:middle; width:518.2px\">KH&Aacute;C</td>\r\n		</tr>\r\n	</thead>\r\n	<tbody>\r\n		<tr>\r\n			<td style=\"vertical-align:middle; width:114px\">Trọn bộ sản phẩm</td>\r\n			<td style=\"border-color:transparent; vertical-align:middle\">M&aacute;y PS5 Digital Edition, Tay cầm DualSense, D&acirc;y USB-C, C&aacute;p HDMI, D&acirc;y nguồn, Ch&acirc;n đế, S&aacute;ch hướng dẫn</td>\r\n		</tr>\r\n	</tbody>\r\n</table>\r\n', 15, 0, 18800000, 4, '2022-04-02', 0),
(90, 'PlayStation 5 / PS5 Standard Edition - VN [ CFI-1118A 01 ]', '20220402143036ps5-standard-vn-km-dac-biet-700x700.jpg', 'Trắng', '<table style=\"width:538.2px\">\r\n	<thead>\r\n		<tr>\r\n			<td colspan=\"2\" style=\"vertical-align:middle; width:518.2px\">CẤU H&Igrave;NH CHI TIẾT</td>\r\n		</tr>\r\n	</thead>\r\n	<tbody>\r\n		<tr>\r\n			<td style=\"border-color:transparent; vertical-align:middle; width:114px\">M&atilde; sản phẩm</td>\r\n			<td style=\"border-color:transparent; vertical-align:middle\">PS5 Standard Edition</td>\r\n		</tr>\r\n		<tr>\r\n			<td style=\"border-color:transparent; vertical-align:middle; width:114px\">Chi tiết CPU</td>\r\n			<td style=\"border-color:transparent; vertical-align:middle\">AMD Zen 2 8 nh&acirc;n 16 luồng, xung nhịp 3.5GHz</td>\r\n		</tr>\r\n		<tr>\r\n			<td style=\"border-color:transparent; vertical-align:middle; width:114px\">GPU</td>\r\n			<td style=\"border-color:transparent; vertical-align:middle\">Kiến tr&uacute;c RDNA 2 của AMD, sức mạnh 10.3 TFLOPS, tốc độ 2.23GHz, hỗ trợ Ray-Tracing</td>\r\n		</tr>\r\n		<tr>\r\n			<td style=\"border-color:transparent; vertical-align:middle; width:114px\">RAM</td>\r\n			<td style=\"border-color:transparent; vertical-align:middle\">GDDR6 16GB</td>\r\n		</tr>\r\n		<tr>\r\n			<td style=\"border-color:transparent; vertical-align:middle; width:114px\">Bộ nhớ trong</td>\r\n			<td style=\"border-color:transparent; vertical-align:middle\">825GB SSD tốc độ đạt 5,5 GB/s</td>\r\n		</tr>\r\n		<tr>\r\n			<td style=\"vertical-align:middle; width:114px\">T&iacute;nh năng mới</td>\r\n			<td style=\"border-color:transparent; vertical-align:middle\">Hỗ trợ Ray-Tracing, hỗ trợ chơi game 8K 120Hz, &acirc;m thanh v&ograve;m 3D audio, tương th&iacute;ch ngược với game PS4</td>\r\n		</tr>\r\n	</tbody>\r\n	<thead>\r\n		<tr>\r\n			<td colspan=\"2\" style=\"border-color:transparent; vertical-align:middle; width:518.2px\">KẾT NỐI DỮ LIỆU</td>\r\n		</tr>\r\n	</thead>\r\n	<tbody>\r\n		<tr>\r\n			<td style=\"border-color:transparent; vertical-align:middle; width:114px\">Ổ đĩa BD/DVD (chỉ đọc)</td>\r\n			<td style=\"border-color:transparent; vertical-align:middle\">Ultra HD Blu-ray (66G/100G) ~10xCAV, BD-ROM (25G/50G) ~8xCAV, BD-R/RE (25G/50G) ~8xCAV, DVD ~3.2xCLV</td>\r\n		</tr>\r\n		<tr>\r\n			<td style=\"border-color:transparent; vertical-align:middle; width:114px\">Wi-Fi</td>\r\n			<td style=\"border-color:transparent; vertical-align:middle\">802.11 a/b/g/n/ac/ax</td>\r\n		</tr>\r\n		<tr>\r\n			<td style=\"border-color:transparent; vertical-align:middle; width:114px\">Bluetooth</td>\r\n			<td style=\"border-color:transparent; vertical-align:middle\">5.1</td>\r\n		</tr>\r\n		<tr>\r\n			<td style=\"border-color:transparent; vertical-align:middle; width:114px\">Cổng kết nối</td>\r\n			<td style=\"border-color:transparent; vertical-align:middle\">HDMI 2.1, 3 x USB-A, 1 x USB-C</td>\r\n		</tr>\r\n		<tr>\r\n			<td style=\"border-color:transparent; vertical-align:middle; width:114px\">Cổng ra AV</td>\r\n			<td style=\"border-color:transparent; vertical-align:middle\">HDMI 2.1 (4K@120Hz, 8K@60Hz)</td>\r\n		</tr>\r\n		<tr>\r\n			<td style=\"vertical-align:middle; width:114px\">Kết nối mạng</td>\r\n			<td style=\"border-color:transparent; vertical-align:middle\">Ethernet (10BASE-T, 100BASE-TX, 1000BASE-T)</td>\r\n		</tr>\r\n	</tbody>\r\n	<thead>\r\n		<tr>\r\n			<td colspan=\"2\" style=\"border-color:transparent; vertical-align:middle; width:518.2px\">TH&Ocirc;NG SỐ VẬT L&Yacute;</td>\r\n		</tr>\r\n	</thead>\r\n	<tbody>\r\n		<tr>\r\n			<td style=\"border-color:transparent; vertical-align:middle; width:114px\">M&agrave;u sắc sản phẩm</td>\r\n			<td style=\"border-color:transparent; vertical-align:middle\">Trắng</td>\r\n		</tr>\r\n		<tr>\r\n			<td style=\"border-color:transparent; vertical-align:middle; width:114px\">K&iacute;ch thước</td>\r\n			<td style=\"border-color:transparent; vertical-align:middle\">39 x 10.4 x 26 (cm)</td>\r\n		</tr>\r\n		<tr>\r\n			<td style=\"border-color:transparent; vertical-align:middle; width:114px\">Trọng lượng</td>\r\n			<td style=\"border-color:transparent; vertical-align:middle\">4.5kg</td>\r\n		</tr>\r\n		<tr>\r\n			<td style=\"border-color:transparent; vertical-align:middle; width:114px\">Nguồn điện</td>\r\n			<td style=\"border-color:transparent; vertical-align:middle\">100-240V, 50/60Hz</td>\r\n		</tr>\r\n		<tr>\r\n			<td style=\"border-color:transparent; vertical-align:middle; width:114px\">C&ocirc;ng suất ti&ecirc;u thụ</td>\r\n			<td style=\"border-color:transparent; vertical-align:middle\">350W</td>\r\n		</tr>\r\n		<tr>\r\n			<td style=\"vertical-align:middle; width:114px\">Nhiệt độ l&agrave;m việc</td>\r\n			<td style=\"border-color:transparent; vertical-align:middle\">55 - 65 độ C</td>\r\n		</tr>\r\n	</tbody>\r\n	<thead>\r\n		<tr>\r\n			<td colspan=\"2\" style=\"border-color:transparent; vertical-align:middle; width:518.2px\">KH&Aacute;C</td>\r\n		</tr>\r\n	</thead>\r\n	<tbody>\r\n		<tr>\r\n			<td style=\"vertical-align:middle; width:114px\">Trọn bộ sản phẩm</td>\r\n			<td style=\"border-color:transparent; vertical-align:middle\">M&aacute;y PS5 Standard Edition, Tay cầm DualSense, D&acirc;y USB-C, C&aacute;p HDMI, D&acirc;y nguồn, Ch&acirc;n đế, S&aacute;ch hướng dẫn</td>\r\n		</tr>\r\n	</tbody>\r\n</table>\r\n', 6, 0, 20300000, 4, '2022-04-02', 0),
(91, 'Xbox Series S - Fortnite & Rocket League Bundle', '20220402143200xbox-series-s-fortnite-rocket-league-00-700x700.jpg', 'Trắng', '<table style=\"width:538.2px\">\r\n	<thead>\r\n		<tr>\r\n			<td colspan=\"2\" style=\"vertical-align:middle; width:518.2px\">CẤU H&Igrave;NH CHI TIẾT</td>\r\n		</tr>\r\n	</thead>\r\n	<tbody>\r\n		<tr>\r\n			<td style=\"border-color:transparent; vertical-align:middle; width:114px\">Chi tiết CPU</td>\r\n			<td style=\"border-color:transparent; vertical-align:middle\">8X Cores @ 3.6 GHz (3.4 GHz w/SMT) Custom Zen 2 CPU, 7nm Enhanced SoC</td>\r\n		</tr>\r\n		<tr>\r\n			<td style=\"border-color:transparent; vertical-align:middle; width:114px\">GPU</td>\r\n			<td style=\"border-color:transparent; vertical-align:middle\">4 TFLOPS, 20 CUs @1.565 GHz Custom AMD RDNA 2 GPU</td>\r\n		</tr>\r\n		<tr>\r\n			<td style=\"border-color:transparent; vertical-align:middle; width:114px\">RAM</td>\r\n			<td style=\"border-color:transparent; vertical-align:middle\">10GB GDDR6</td>\r\n		</tr>\r\n		<tr>\r\n			<td style=\"border-color:transparent; vertical-align:middle; width:114px\">Bộ nhớ trong</td>\r\n			<td style=\"border-color:transparent; vertical-align:middle\">512GB Custom NVME SSD</td>\r\n		</tr>\r\n		<tr>\r\n			<td style=\"vertical-align:middle; width:114px\">T&iacute;nh năng mới</td>\r\n			<td style=\"border-color:transparent; vertical-align:middle\">Hỗ trợ Ray-Tracing, Variate Rate Shading (VRS), Spatial Sound (bao gồm Dolby Atmos), Dolby Vision, hỗ trợ, &acirc;m thanh v&ograve;m 3D audio, hỗ trợ upscale media 4K, tương th&iacute;ch ngược với game Xbox One</td>\r\n		</tr>\r\n	</tbody>\r\n	<thead>\r\n		<tr>\r\n			<td colspan=\"2\" style=\"border-color:transparent; vertical-align:middle; width:518.2px\">KẾT NỐI DỮ LIỆU</td>\r\n		</tr>\r\n	</thead>\r\n	<tbody>\r\n		<tr>\r\n			<td style=\"border-color:transparent; vertical-align:middle; width:114px\">Ổ đĩa BD/DVD (chỉ đọc)</td>\r\n			<td style=\"border-color:transparent; vertical-align:middle\">Kh&ocirc;ng c&oacute;</td>\r\n		</tr>\r\n		<tr>\r\n			<td style=\"border-color:transparent; vertical-align:middle; width:114px\">Cổng kết nối</td>\r\n			<td style=\"border-color:transparent; vertical-align:middle\">1x HDMI 2.1 port, 3x USB 3.1 Gen 1 ports</td>\r\n		</tr>\r\n		<tr>\r\n			<td style=\"border-color:transparent; vertical-align:middle; width:114px\">Cổng ra AV</td>\r\n			<td style=\"border-color:transparent; vertical-align:middle\">HDMI 2.1 (1440p, Up to 120 FPS)</td>\r\n		</tr>\r\n		<tr>\r\n			<td style=\"vertical-align:middle; width:114px\">Kết nối mạng</td>\r\n			<td style=\"border-color:transparent; vertical-align:middle\">Wireless 802.11 ac, Ethernet 802.3 10/100/1000</td>\r\n		</tr>\r\n	</tbody>\r\n	<thead>\r\n		<tr>\r\n			<td colspan=\"2\" style=\"border-color:transparent; vertical-align:middle; width:518.2px\">TH&Ocirc;NG SỐ VẬT L&Yacute;</td>\r\n		</tr>\r\n	</thead>\r\n	<tbody>\r\n		<tr>\r\n			<td style=\"border-color:transparent; vertical-align:middle; width:114px\">M&agrave;u sắc sản phẩm</td>\r\n			<td style=\"border-color:transparent; vertical-align:middle\">Trắng</td>\r\n		</tr>\r\n		<tr>\r\n			<td style=\"border-color:transparent; vertical-align:middle; width:114px\">K&iacute;ch thước</td>\r\n			<td style=\"border-color:transparent; vertical-align:middle\">6.5cm x 15.1cm x 27.5cm</td>\r\n		</tr>\r\n		<tr>\r\n			<td style=\"vertical-align:middle; width:114px\">Trọng lượng</td>\r\n			<td style=\"border-color:transparent; vertical-align:middle\">1.9kg</td>\r\n		</tr>\r\n	</tbody>\r\n	<thead>\r\n		<tr>\r\n			<td colspan=\"2\" style=\"border-color:transparent; vertical-align:middle; width:518.2px\">KH&Aacute;C</td>\r\n		</tr>\r\n	</thead>\r\n	<tbody>\r\n		<tr>\r\n			<td style=\"vertical-align:middle; width:114px\">Trọn bộ sản phẩm</td>\r\n			<td style=\"border-color:transparent; vertical-align:middle\">Xbox Series S, D&acirc;y nguồn, D&acirc;y c&aacute;p HDMI 2.1, Tay cầm Xbox Series m&agrave;u trắng, Cặp pin AAA, S&aacute;ch hướng dẫn</td>\r\n		</tr>\r\n	</tbody>\r\n</table>\r\n', 12, 4, 9800000, 5, '2022-04-02', 0),
(92, 'Xbox Series X 1TB', '20220402143241xbox-series-x-00-700x700.jpg', 'Đen', '<table style=\"width:538.2px\">\r\n	<thead>\r\n		<tr>\r\n			<td colspan=\"2\" style=\"vertical-align:middle; width:518.2px\">CẤU H&Igrave;NH CHI TIẾT</td>\r\n		</tr>\r\n	</thead>\r\n	<tbody>\r\n		<tr>\r\n			<td style=\"border-color:transparent; vertical-align:middle; width:114px\">Chi tiết CPU</td>\r\n			<td style=\"border-color:transparent; vertical-align:middle\">8X Cores @ 3.8 GHz (3.66 GHz w/SMT) Custom Zen 2 CPU, 7nm Enhanced SoC</td>\r\n		</tr>\r\n		<tr>\r\n			<td style=\"border-color:transparent; vertical-align:middle; width:114px\">GPU</td>\r\n			<td style=\"border-color:transparent; vertical-align:middle\">12 TFLOPS, 52 CUs @1.825 GHz Custom AMD RDNA 2 GPU</td>\r\n		</tr>\r\n		<tr>\r\n			<td style=\"border-color:transparent; vertical-align:middle; width:114px\">RAM</td>\r\n			<td style=\"border-color:transparent; vertical-align:middle\">16GB GDDR6</td>\r\n		</tr>\r\n		<tr>\r\n			<td style=\"border-color:transparent; vertical-align:middle; width:114px\">Bộ nhớ trong</td>\r\n			<td style=\"border-color:transparent; vertical-align:middle\">1TB PCle Gen 4 NVME SSD</td>\r\n		</tr>\r\n		<tr>\r\n			<td style=\"vertical-align:middle; width:114px\">T&iacute;nh năng mới</td>\r\n			<td style=\"border-color:transparent; vertical-align:middle\">Hỗ trợ Ray-Tracing, Variate Rate Shading (VRS), Spatial Sound (bao gồm Dolby Atmos), Dolby Vision, hỗ trợ, &acirc;m thanh v&ograve;m 3D audio, hỗ trợ chơi game 8K 120Hz, tương th&iacute;ch ngược với game Xbox One</td>\r\n		</tr>\r\n	</tbody>\r\n	<thead>\r\n		<tr>\r\n			<td colspan=\"2\" style=\"border-color:transparent; vertical-align:middle; width:518.2px\">KẾT NỐI DỮ LIỆU</td>\r\n		</tr>\r\n	</thead>\r\n	<tbody>\r\n		<tr>\r\n			<td style=\"border-color:transparent; vertical-align:middle; width:114px\">Ổ đĩa BD/DVD (chỉ đọc)</td>\r\n			<td style=\"border-color:transparent; vertical-align:middle\">4K UHD Blu-Ray</td>\r\n		</tr>\r\n		<tr>\r\n			<td style=\"border-color:transparent; vertical-align:middle; width:114px\">Cổng kết nối</td>\r\n			<td style=\"border-color:transparent; vertical-align:middle\">1x HDMI 2.1 port, 3x USB 3.1 Gen 1 ports</td>\r\n		</tr>\r\n		<tr>\r\n			<td style=\"border-color:transparent; vertical-align:middle; width:114px\">Cổng ra AV</td>\r\n			<td style=\"border-color:transparent; vertical-align:middle\">HDMI 2.1 (4K@120Hz, 8K@60Hz)</td>\r\n		</tr>\r\n		<tr>\r\n			<td style=\"vertical-align:middle; width:114px\">Kết nối mạng</td>\r\n			<td style=\"border-color:transparent; vertical-align:middle\">Wireless 802.11 ac, Ethernet 802.3 10/100/1000</td>\r\n		</tr>\r\n	</tbody>\r\n	<thead>\r\n		<tr>\r\n			<td colspan=\"2\" style=\"border-color:transparent; vertical-align:middle; width:518.2px\">TH&Ocirc;NG SỐ VẬT L&Yacute;</td>\r\n		</tr>\r\n	</thead>\r\n	<tbody>\r\n		<tr>\r\n			<td style=\"border-color:transparent; vertical-align:middle; width:114px\">M&agrave;u sắc sản phẩm</td>\r\n			<td style=\"border-color:transparent; vertical-align:middle\">Đen</td>\r\n		</tr>\r\n		<tr>\r\n			<td style=\"border-color:transparent; vertical-align:middle; width:114px\">K&iacute;ch thước</td>\r\n			<td style=\"border-color:transparent; vertical-align:middle\">15.1cm x 15.1cm x 30.1cm</td>\r\n		</tr>\r\n		<tr>\r\n			<td style=\"border-color:transparent; vertical-align:middle; width:114px\">Trọng lượng</td>\r\n			<td style=\"border-color:transparent; vertical-align:middle\">4.5kg</td>\r\n		</tr>\r\n		<tr>\r\n			<td style=\"vertical-align:middle; width:114px\">Nhiệt độ l&agrave;m việc</td>\r\n			<td style=\"border-color:transparent; vertical-align:middle\">52 - 62 độ C</td>\r\n		</tr>\r\n	</tbody>\r\n	<thead>\r\n		<tr>\r\n			<td colspan=\"2\" style=\"border-color:transparent; vertical-align:middle; width:518.2px\">KH&Aacute;C</td>\r\n		</tr>\r\n	</thead>\r\n	<tbody>\r\n		<tr>\r\n			<td style=\"vertical-align:middle; width:114px\">Trọn bộ sản phẩm</td>\r\n			<td style=\"border-color:transparent; vertical-align:middle\">Xbox Series X, D&acirc;y nguồn, D&acirc;y c&aacute;p HDMI 2.1, Tay cầm Xbox Series m&agrave;u đen, Cặp pin AAA, S&aacute;ch hướng dẫn</td>\r\n		</tr>\r\n	</tbody>\r\n</table>\r\n', 15, 0, 18300000, 5, '2022-04-02', 0),
(93, 'Xbox Series S 512GB', '20220402143325xbox-series-s-41-700x700.jpg', 'Trắng', '<table style=\"width:538.2px\">\r\n	<thead>\r\n		<tr>\r\n			<td colspan=\"2\" style=\"vertical-align:middle; width:518.2px\">CẤU H&Igrave;NH CHI TIẾT</td>\r\n		</tr>\r\n	</thead>\r\n	<tbody>\r\n		<tr>\r\n			<td style=\"border-color:transparent; vertical-align:middle; width:114px\">Chi tiết CPU</td>\r\n			<td style=\"border-color:transparent; vertical-align:middle\">8X Cores @ 3.6 GHz (3.4 GHz w/SMT) Custom Zen 2 CPU, 7nm Enhanced SoC</td>\r\n		</tr>\r\n		<tr>\r\n			<td style=\"border-color:transparent; vertical-align:middle; width:114px\">GPU</td>\r\n			<td style=\"border-color:transparent; vertical-align:middle\">4 TFLOPS, 20 CUs @1.565 GHz Custom AMD RDNA 2 GPU</td>\r\n		</tr>\r\n		<tr>\r\n			<td style=\"border-color:transparent; vertical-align:middle; width:114px\">RAM</td>\r\n			<td style=\"border-color:transparent; vertical-align:middle\">10GB GDDR6</td>\r\n		</tr>\r\n		<tr>\r\n			<td style=\"border-color:transparent; vertical-align:middle; width:114px\">Bộ nhớ trong</td>\r\n			<td style=\"border-color:transparent; vertical-align:middle\">512GB Custom NVME SSD</td>\r\n		</tr>\r\n		<tr>\r\n			<td style=\"vertical-align:middle; width:114px\">T&iacute;nh năng mới</td>\r\n			<td style=\"border-color:transparent; vertical-align:middle\">Hỗ trợ Ray-Tracing, Variate Rate Shading (VRS), Spatial Sound (bao gồm Dolby Atmos), Dolby Vision, hỗ trợ, &acirc;m thanh v&ograve;m 3D audio, hỗ trợ upscale media 4K, tương th&iacute;ch ngược với game Xbox One</td>\r\n		</tr>\r\n	</tbody>\r\n	<thead>\r\n		<tr>\r\n			<td colspan=\"2\" style=\"border-color:transparent; vertical-align:middle; width:518.2px\">KẾT NỐI DỮ LIỆU</td>\r\n		</tr>\r\n	</thead>\r\n	<tbody>\r\n		<tr>\r\n			<td style=\"border-color:transparent; vertical-align:middle; width:114px\">Ổ đĩa BD/DVD (chỉ đọc)</td>\r\n			<td style=\"border-color:transparent; vertical-align:middle\">Kh&ocirc;ng c&oacute;</td>\r\n		</tr>\r\n		<tr>\r\n			<td style=\"border-color:transparent; vertical-align:middle; width:114px\">Cổng kết nối</td>\r\n			<td style=\"border-color:transparent; vertical-align:middle\">1x HDMI 2.1 port, 3x USB 3.1 Gen 1 ports</td>\r\n		</tr>\r\n		<tr>\r\n			<td style=\"border-color:transparent; vertical-align:middle; width:114px\">Cổng ra AV</td>\r\n			<td style=\"border-color:transparent; vertical-align:middle\">HDMI 2.1 (1440p, Up to 120 FPS)</td>\r\n		</tr>\r\n		<tr>\r\n			<td style=\"vertical-align:middle; width:114px\">Kết nối mạng</td>\r\n			<td style=\"border-color:transparent; vertical-align:middle\">Wireless 802.11 ac, Ethernet 802.3 10/100/1000</td>\r\n		</tr>\r\n	</tbody>\r\n	<thead>\r\n		<tr>\r\n			<td colspan=\"2\" style=\"border-color:transparent; vertical-align:middle; width:518.2px\">TH&Ocirc;NG SỐ VẬT L&Yacute;</td>\r\n		</tr>\r\n	</thead>\r\n	<tbody>\r\n		<tr>\r\n			<td style=\"border-color:transparent; vertical-align:middle; width:114px\">M&agrave;u sắc sản phẩm</td>\r\n			<td style=\"border-color:transparent; vertical-align:middle\">Trắng</td>\r\n		</tr>\r\n		<tr>\r\n			<td style=\"border-color:transparent; vertical-align:middle; width:114px\">K&iacute;ch thước</td>\r\n			<td style=\"border-color:transparent; vertical-align:middle\">6.5cm x 15.1cm x 27.5cm</td>\r\n		</tr>\r\n		<tr>\r\n			<td style=\"vertical-align:middle; width:114px\">Trọng lượng</td>\r\n			<td style=\"border-color:transparent; vertical-align:middle\">1.9kg</td>\r\n		</tr>\r\n	</tbody>\r\n	<thead>\r\n		<tr>\r\n			<td colspan=\"2\" style=\"border-color:transparent; vertical-align:middle; width:518.2px\">KH&Aacute;C</td>\r\n		</tr>\r\n	</thead>\r\n	<tbody>\r\n		<tr>\r\n			<td style=\"vertical-align:middle; width:114px\">Trọn bộ sản phẩm</td>\r\n			<td style=\"border-color:transparent; vertical-align:middle\">Xbox Series S, D&acirc;y nguồn, D&acirc;y c&aacute;p HDMI 2.1, Tay cầm Xbox Series m&agrave;u trắng, Cặp pin AAA, S&aacute;ch hướng dẫn</td>\r\n		</tr>\r\n	</tbody>\r\n</table>\r\n', 15, 1, 9500000, 5, '2022-04-02', 0),
(94, 'Xbox One 500GB USED', '20220402143446xbox-one-00-700x700.jpg', 'Đen', '<p>T&Igrave;NH TRẠNG M&Aacute;Y</p>\r\n\r\n<ul>\r\n	<li><strong>M&atilde; sản phẩm: X1S019</strong></li>\r\n	<li>Model M&aacute;y: Xbox One 500GB</li>\r\n	<li>Đ&aacute;nh gi&aacute; tổng thể t&igrave;nh trạng m&aacute;y:&nbsp;USED</li>\r\n	<li>Phụ kiện k&egrave;m theo: Kinect, Adapter nguồn, c&aacute;p HDMI, tay cầm Xbox One Wireless Controller</li>\r\n	<li>Bảo H&agrave;nh : 3 th&aacute;ng.</li>\r\n	<li><img alt=\"\" src=\"https://game.haloshop.vn/image/catalog/products/may-game/may-cu/x1s021-2.jpg\" style=\"height:375px; width:500px\" /><img alt=\"\" src=\"https://game.haloshop.vn/image/catalog/products/may-game/may-cu/x1s021-1.jpg\" style=\"height:534px; width:500px\" /></li>\r\n</ul>\r\n', 5, 5, 4500000, 6, '2022-04-02', 0),
(95, 'Xbox 360 Slim 250GB JTAG USED', '20220402143729xbox-360-slim-tang-688-game-700x700.jpg', 'Đen', '<h1>XBOX 360 SLIM - HUYỀN THOẠI M&Aacute;Y GAME</h1>\r\n\r\n<p>Xbox 360 slim lu&ocirc;n l&agrave; một trong những m&aacute;y chơi game b&aacute;n chạy nhất với doanh số rất khủng, v&agrave; thậm ch&iacute; cho đến tận ng&agrave;y nay, nhiều người vẫn c&ograve;n t&igrave;m đến c&aacute;c đời Xbox360 để mua v&igrave; muốn &ocirc;n lại kỉ niệm với c&aacute;c tựa game kinh điển m&agrave; kh&ocirc;ng thể t&igrave;m thấy tr&ecirc;n c&aacute;c game bom tấn b&acirc;y giờ.</p>\r\n\r\n<p>Độ ph&acirc;n giải tối đa 1080P đem đến h&igrave;nh ảnh, &acirc;m thanh chất lượng cao. Bạn c&oacute; thể xem phim DVD, MP4, WMV, AVi (Steam từ PC qua WMP) hoặc nghe nhạc MP3, WMA, Rip CD. Xbox 360 Slim chống lỗi đ&egrave;n đỏ ở mức tốt nhất. Hỗ trợ c&agrave;i game Xbox 360 với kho game đồ sộ h&agrave;ng trăm game.</p>\r\n\r\n<p><strong>C&aacute;c m&aacute;y Xbox 360 2nd b&aacute;n ra đều được mở kh&oacute;a v&agrave; c&oacute; thể ch&eacute;p game v&agrave;o ổ cứng, chơi game kh&ocirc;ng giới hạn, tiết kiệm chi ph&iacute;.</strong></p>\r\n\r\n<p><strong>Hỗ trợ c&agrave;i game Xbox 360 với kho game đồ sộ h&agrave;ng trăm game hấp dẫn, chơi cả năm kh&ocirc;ng hết</strong></p>\r\n\r\n<h3>ƯU Đ&Atilde;I KHUYẾN M&Atilde;I D&Agrave;NH RI&Ecirc;NG CHO M&Aacute;Y CHƠI GAME XBOX 360 SLIM CŨ</h3>\r\n\r\n<p><img alt=\"List game Xbox 360 Slim\" src=\"https://game.haloshop.vn/image/catalog/products/may-game/microsoft-xbox/xbox-360-list-game-nes2.jpg\" style=\"align-self:flex-start; border:0px; box-sizing:border-box; cursor:pointer; display:block; font-family:nunito sans; font-size:15px; height:auto; margin:0px auto 25px; max-width:100%; vertical-align:middle\" /></p>\r\n\r\n<p>TRỌN BỘ SẢN PHẨM BAO GỒM:</p>\r\n\r\n<ul>\r\n	<li>M&aacute;y Xbox 360 Slim</li>\r\n	<li>Adapter AC + C&aacute;p Nguồn</li>\r\n	<li>1 tay cầm</li>\r\n	<li>1 d&acirc;y HDMI</li>\r\n</ul>\r\n', 12, 3, 3280000, 6, '2022-04-02', 0),
(96, 'Kính thực tế ảo VR Oculus Quest 2 - 128GB', '20220402143939kinh-thuc-te-ao-vr-oculus-quest-2-00-700x700.jpg', 'Trắng', '<p>TH&Ocirc;NG SỐ KỸ THUẬT</p>\r\n\r\n<ul>\r\n	<li>Thương hiệu: Oculus</li>\r\n	<li>Trọng lượng K&iacute;nh: 503g</li>\r\n	<li>Trọng lượng Tay cầm (khi c&oacute; pin): 147g</li>\r\n	<li>K&iacute;ch thước K&iacute;nh: 191.5 x 102 x 142.5 - 295.5 (mm)</li>\r\n	<li>K&iacute;ch thước Tay cầm: 90 x 120 (mm)</li>\r\n	<li>Khoảng c&aacute;ch chơi: 20 x 20 (m)</li>\r\n	<li>M&agrave;n h&igrave;nh hiển thị: Fast-Switch LCD Display</li>\r\n	<li>Độ ph&acirc;n giải: 1.832 x 1.920 pixel mỗi b&ecirc;n</li>\r\n	<li>Tần số qu&eacute;t: 60, 72, 90 Hz</li>\r\n	<li>CPU: Snapdragon XR2</li>\r\n	<li>RAM: 6GB</li>\r\n	<li>Dung lượng bộ nhớ: 64GB - 256GB</li>\r\n	<li>Dung lượng pin: 3,640 mAh</li>\r\n	<li>Thời lượng pin: 2-3 giờ</li>\r\n	<li>C&aacute;c mức điều chỉnh IPD: 58mm, 63mm, 68mm</li>\r\n	<li>Cổng kết nối: USB-C (sạc v&agrave; kết nối Oculus Link), Cổng tai nghe jack 3.5mm</li>\r\n	<li>Bluetooth: 5.0</li>\r\n	<li>Kết nối kh&ocirc;ng d&acirc;y: Wi-Fi b/g/n/ac(5)/ax(6)</li>\r\n	<li>Micro: T&iacute;ch hợp sẵn</li>\r\n	<li>Loa: T&iacute;ch hợp sẵn</li>\r\n	<li>Trọn bộ sản phẩm: K&iacute;nh thực tế ảo Oculus Quest 2, 2 x tay cầm (tr&aacute;i + phải), C&aacute;p sạc USB-C, 2 vi&ecirc;n pin AA, Nguồn, Miếng đệm tăng kh&ocirc;ng gian k&iacute;nh cận (Glasses Spacer)</li>\r\n</ul>\r\n', 15, 12, 8850000, 7, '2022-04-02', 0),
(97, 'Kính thực tế ảo VR Oculus Quest 2 - 256GB', '20220402144013kinh-thuc-te-ao-vr-oculus-quest-2-00-700x700.jpg', 'Trắng', '<p>TH&Ocirc;NG SỐ KỸ THUẬT</p>\r\n\r\n<ul>\r\n	<li>Thương hiệu: Oculus</li>\r\n	<li>Trọng lượng K&iacute;nh: 503g</li>\r\n	<li>Trọng lượng Tay cầm (khi c&oacute; pin): 147g</li>\r\n	<li>K&iacute;ch thước K&iacute;nh: 191.5 x 102 x 142.5 - 295.5 (mm)</li>\r\n	<li>K&iacute;ch thước Tay cầm: 90 x 120 (mm)</li>\r\n	<li>Khoảng c&aacute;ch chơi: 20 x 20 (m)</li>\r\n	<li>M&agrave;n h&igrave;nh hiển thị: Fast-Switch LCD Display</li>\r\n	<li>Độ ph&acirc;n giải: 1.832 x 1.920 pixel mỗi b&ecirc;n</li>\r\n	<li>Tần số qu&eacute;t: 60, 72, 90 Hz</li>\r\n	<li>CPU: Snapdragon XR2</li>\r\n	<li>RAM: 6GB</li>\r\n	<li>Dung lượng bộ nhớ: 64GB - 256GB</li>\r\n	<li>Dung lượng pin: 3,640 mAh</li>\r\n	<li>Thời lượng pin: 2-3 giờ</li>\r\n	<li>C&aacute;c mức điều chỉnh IPD: 58mm, 63mm, 68mm</li>\r\n	<li>Cổng kết nối: USB-C (sạc v&agrave; kết nối Oculus Link), Cổng tai nghe jack 3.5mm</li>\r\n	<li>Bluetooth: 5.0</li>\r\n	<li>Kết nối kh&ocirc;ng d&acirc;y: Wi-Fi b/g/n/ac(5)/ax(6)</li>\r\n	<li>Micro: T&iacute;ch hợp sẵn</li>\r\n	<li>Loa: T&iacute;ch hợp sẵn</li>\r\n	<li>Trọn bộ sản phẩm: K&iacute;nh thực tế ảo Oculus Quest 2, 2 x tay cầm (tr&aacute;i + phải), C&aacute;p sạc USB-C, 2 vi&ecirc;n pin AA, Nguồn, Miếng đệm tăng kh&ocirc;ng gian k&iacute;nh cận (Glasses Spacer)</li>\r\n</ul>\r\n', 15, 15, 10150000, 7, '2022-04-02', 0),
(98, 'Oculus Link Cable for Oculus Quest 1 & 2 (5m)', '20220402144143oculus-link-cable-00-700x700.jpg', 'Đen', '<p>TH&Ocirc;NG TIN SẢN PHẨM OCULUS LINK CABLE FOR OCULUS QUEST 1 &amp; 2 (5M)</p>\r\n\r\n<p><strong>Oculus Link Cable</strong>&nbsp;kết hợp với phần mềm chuy&ecirc;n dụng sẽ mở kh&oacute;a kho ứng dụng, game VR đồ sộ tr&ecirc;n PC, thưởng thức tối đa những nội dung thực tế ảo với&nbsp;<a href=\"https://game.haloshop.vn/oculus\" style=\"box-sizing: border-box; background-color: transparent; color: rgb(20, 102, 120); text-decoration-line: none; touch-action: manipulation; display: inline-block;\">k&iacute;nh Oculus Quest</a>. Chỉ cần kết nối c&aacute;p từ chiếc k&iacute;nh Oculus Quest tới PC l&agrave; bạn đ&atilde; sẵn s&agrave;ng để chơi, v&ocirc; c&ugrave;ng dễ d&agrave;ng, kh&ocirc;ng cần c&agrave;i đặt g&igrave; cả!</p>\r\n\r\n<p>Sợi c&aacute;p Oculus Link Cable sử dụng chuẩn USB-C 3 với độ d&agrave;i nhất hiện nay, sử dụng l&otilde;i c&aacute;p quang cao cấp, n&ecirc;n sẽ đảm bảo độ trễ cực thấp v&agrave; truyền t&iacute;n hiệu đầy đủ, c&aacute;p cũng được giảm trọng lượng, tăng t&iacute;nh linh hoạt, mang lại trải nghiệm tối đa tr&ecirc;n PC với k&iacute;nh Oculus Quest.</p>\r\n\r\n<p>B&ecirc;n cạnh đ&oacute;, Oculus Link Cable cũng đảm bảo cấp nguồn cho Oculus Quest trong khi sử dụng, ki&ecirc;m cả 2 chức năng l&agrave; truyền dữ liệu v&agrave; cấp nguồn.</p>\r\n\r\n<p>Để thưởng thức những nội dung VR đặc sắc tr&ecirc;n PC, h&atilde;y download ngay phần mềm Oculus Rift&nbsp;<a href=\"https://www.oculus.com/download_app/?id=1582076955407037\" style=\"box-sizing: border-box; background-color: transparent; color: rgb(20, 102, 120); text-decoration-line: none; touch-action: manipulation; display: inline-block;\">tại đ&acirc;y</a>, c&agrave;i đặt v&agrave;o PC của bạn.</p>\r\n\r\n<p><img alt=\"Oculus Link Cable for Oculus Quest 1 &amp; 2 (5m)\" src=\"https://game.haloshop.vn/image/catalog/products/accessories/oculus/oculus-link-cable-21.jpg\" style=\"align-self:flex-start; border:0px; box-sizing:border-box; cursor:pointer; display:block; font-family:nunito sans; font-size:15px; height:auto; margin:0px auto 25px; max-width:100%; vertical-align:middle\" /></p>\r\n\r\n<p>TH&Ocirc;NG SỐ KỸ THUẬT</p>\r\n\r\n<ul>\r\n	<li>Độ d&agrave;i: 5m (16-feet)</li>\r\n	<li>Trọng lượng: 224g</li>\r\n	<li>Chuẩn: USB 3.2 Gen 1 Type-C</li>\r\n	<li>Chất liệu: nhựa TPU 0,5mm, ma s&aacute;t thấp, tăng độ bền v&agrave; t&iacute;nh linh hoạt</li>\r\n	<li>Băng th&ocirc;ng: 5Gbps</li>\r\n	<li>Nguồn v&agrave;o: 3A</li>\r\n	<li>Tương th&iacute;ch: Oculus Quest 1 v&agrave; 2</li>\r\n	<li>T&iacute;nh năng kh&aacute;c: Hỗ trợ SuperSpeed USB ports</li>\r\n</ul>\r\n', 20, 0, 2680000, 7, '2022-04-02', 0);
INSERT INTO `sanpham` (`idsp`, `tensp`, `hinhanh`, `mau`, `chitiet`, `soluong`, `daban`, `gia`, `madm`, `ngaycapnhat`, `trangthai`) VALUES
(99, 'New Nintendo Switch - Fortnite Limited Edition', '20220402144308new-nintendo-switch-fortnite-edition-00-700x700.jpg', 'Fortnite Limited', '<table style=\"width:538.2px\">\r\n	<thead>\r\n		<tr>\r\n			<td colspan=\"2\" style=\"vertical-align:middle; width:518.2px\">CẤU H&Igrave;NH CHI TIẾT</td>\r\n		</tr>\r\n	</thead>\r\n	<tbody>\r\n		<tr>\r\n			<td style=\"border-color:transparent; vertical-align:middle; width:114px\">Chi tiết CPU</td>\r\n			<td style=\"border-color:transparent; vertical-align:middle\">NVIDIA Tegra X1, 20nm, Cortex A7 bốn nh&acirc;n</td>\r\n		</tr>\r\n		<tr>\r\n			<td style=\"border-color:transparent; vertical-align:middle; width:114px\">Hỗ trợ thẻ nhớ</td>\r\n			<td style=\"border-color:transparent; vertical-align:middle\">C&oacute;, dung lượng tối đa 2TB</td>\r\n		</tr>\r\n		<tr>\r\n			<td style=\"border-color:transparent; vertical-align:middle; width:114px\">GPU</td>\r\n			<td style=\"border-color:transparent; vertical-align:middle\">NVIDIA Custom</td>\r\n		</tr>\r\n		<tr>\r\n			<td style=\"border-color:transparent; vertical-align:middle; width:114px\">Bộ nhớ trong</td>\r\n			<td style=\"border-color:transparent; vertical-align:middle\">32GB</td>\r\n		</tr>\r\n		<tr>\r\n			<td style=\"vertical-align:middle; width:114px\">Cảm biến</td>\r\n			<td style=\"border-color:transparent; vertical-align:middle\">Cảm biến gia tốc, con quay hồi chuyển, cảm biến &aacute;nh s&aacute;ng</td>\r\n		</tr>\r\n	</tbody>\r\n	<thead>\r\n		<tr>\r\n			<td colspan=\"2\" style=\"border-color:transparent; vertical-align:middle; width:518.2px\">M&Agrave;N H&Igrave;NH</td>\r\n		</tr>\r\n	</thead>\r\n	<tbody>\r\n		<tr>\r\n			<td style=\"border-color:transparent; vertical-align:middle; width:114px\">Độ ph&acirc;n giải</td>\r\n			<td style=\"border-color:transparent; vertical-align:middle\">1280 x 720 pixels (HDMI: 1080p60)</td>\r\n		</tr>\r\n		<tr>\r\n			<td style=\"vertical-align:middle; width:114px\">K&iacute;ch thước m&agrave;n h&igrave;nh</td>\r\n			<td style=\"border-color:transparent; vertical-align:middle\">6.2-inch</td>\r\n		</tr>\r\n	</tbody>\r\n	<thead>\r\n		<tr>\r\n			<td colspan=\"2\" style=\"border-color:transparent; vertical-align:middle; width:518.2px\">KẾT NỐI DỮ LIỆU</td>\r\n		</tr>\r\n	</thead>\r\n	<tbody>\r\n		<tr>\r\n			<td style=\"border-color:transparent; vertical-align:middle; width:114px\">Wi-Fi</td>\r\n			<td style=\"border-color:transparent; vertical-align:middle\">IEEE 802.11 a/b/g/n/ac, c&oacute; thể kết nối mạng LAN</td>\r\n		</tr>\r\n		<tr>\r\n			<td style=\"border-color:transparent; vertical-align:middle; width:114px\">Bluetooth</td>\r\n			<td style=\"border-color:transparent; vertical-align:middle\">4.1</td>\r\n		</tr>\r\n		<tr>\r\n			<td style=\"vertical-align:middle; width:114px\">Cổng kết nối</td>\r\n			<td style=\"border-color:transparent; vertical-align:middle\">3.5mm audio jack, cổng game card, cổng microSD card - Nintendo Switch Dock: 2 cổng USB 2.0 b&ecirc;n cạnh v&agrave; một cổng USB ph&iacute;a sau, cổng AC Adapter, Cổng HDMI</td>\r\n		</tr>\r\n	</tbody>\r\n	<thead>\r\n		<tr>\r\n			<td colspan=\"2\" style=\"border-color:transparent; vertical-align:middle; width:518.2px\">TH&Ocirc;NG SỐ VẬT L&Yacute;</td>\r\n		</tr>\r\n	</thead>\r\n	<tbody>\r\n		<tr>\r\n			<td style=\"border-color:transparent; vertical-align:middle; width:114px\">K&iacute;ch thước</td>\r\n			<td style=\"border-color:transparent; vertical-align:middle\">35.5cm x 20cm x 9.5cm</td>\r\n		</tr>\r\n		<tr>\r\n			<td style=\"border-color:transparent; vertical-align:middle; width:114px\">Trọng lượng</td>\r\n			<td style=\"border-color:transparent; vertical-align:middle\">297 g</td>\r\n		</tr>\r\n		<tr>\r\n			<td style=\"vertical-align:middle; width:114px\">Dung lượng pin</td>\r\n			<td style=\"border-color:transparent; vertical-align:middle\">4310 mAh, thời lượng sử dụng từ 4.5 đến 9 tiếng</td>\r\n		</tr>\r\n	</tbody>\r\n</table>\r\n', 15, 0, 8180000, 8, '2022-04-02', 0),
(100, 'Nintendo Switch OLED model with Neon Red Blue Joy‑Con', '20220402144429nintendo-switch-oled-red-blue-joy-con-00-700x700.jpg', 'Xanh Đỏ', '<table style=\"width:538.2px\">\r\n	<thead>\r\n		<tr>\r\n			<td colspan=\"2\" style=\"vertical-align:middle; width:518.2px\">CẤU H&Igrave;NH CHI TIẾT</td>\r\n		</tr>\r\n	</thead>\r\n	<tbody>\r\n		<tr>\r\n			<td style=\"border-color:transparent; vertical-align:middle; width:114px\">Chi tiết CPU</td>\r\n			<td style=\"border-color:transparent; vertical-align:middle\">NVIDIA Tegra X1, 20nm, Cortex A7 bốn nh&acirc;n</td>\r\n		</tr>\r\n		<tr>\r\n			<td style=\"border-color:transparent; vertical-align:middle; width:114px\">Hỗ trợ thẻ nhớ</td>\r\n			<td style=\"border-color:transparent; vertical-align:middle\">C&oacute;, dung lượng tối đa 2TB</td>\r\n		</tr>\r\n		<tr>\r\n			<td style=\"border-color:transparent; vertical-align:middle; width:114px\">GPU</td>\r\n			<td style=\"border-color:transparent; vertical-align:middle\">NVIDIA Custom</td>\r\n		</tr>\r\n		<tr>\r\n			<td style=\"border-color:transparent; vertical-align:middle; width:114px\">Bộ nhớ trong</td>\r\n			<td style=\"border-color:transparent; vertical-align:middle\">32GB</td>\r\n		</tr>\r\n		<tr>\r\n			<td style=\"vertical-align:middle; width:114px\">Cảm biến</td>\r\n			<td style=\"border-color:transparent; vertical-align:middle\">Cảm biến gia tốc, con quay hồi chuyển, cảm biến &aacute;nh s&aacute;ng</td>\r\n		</tr>\r\n	</tbody>\r\n	<thead>\r\n		<tr>\r\n			<td colspan=\"2\" style=\"border-color:transparent; vertical-align:middle; width:518.2px\">M&Agrave;N H&Igrave;NH</td>\r\n		</tr>\r\n	</thead>\r\n	<tbody>\r\n		<tr>\r\n			<td style=\"border-color:transparent; vertical-align:middle; width:114px\">Độ ph&acirc;n giải</td>\r\n			<td style=\"border-color:transparent; vertical-align:middle\">1280 x 720 pixels (HDMI: 1080p60)</td>\r\n		</tr>\r\n		<tr>\r\n			<td style=\"vertical-align:middle; width:114px\">K&iacute;ch thước m&agrave;n h&igrave;nh</td>\r\n			<td style=\"border-color:transparent; vertical-align:middle\">6.2-inch</td>\r\n		</tr>\r\n	</tbody>\r\n	<thead>\r\n		<tr>\r\n			<td colspan=\"2\" style=\"border-color:transparent; vertical-align:middle; width:518.2px\">KẾT NỐI DỮ LIỆU</td>\r\n		</tr>\r\n	</thead>\r\n	<tbody>\r\n		<tr>\r\n			<td style=\"border-color:transparent; vertical-align:middle; width:114px\">Wi-Fi</td>\r\n			<td style=\"border-color:transparent; vertical-align:middle\">IEEE 802.11 a/b/g/n/ac, c&oacute; thể kết nối mạng LAN</td>\r\n		</tr>\r\n		<tr>\r\n			<td style=\"border-color:transparent; vertical-align:middle; width:114px\">Bluetooth</td>\r\n			<td style=\"border-color:transparent; vertical-align:middle\">4.1</td>\r\n		</tr>\r\n		<tr>\r\n			<td style=\"vertical-align:middle; width:114px\">Cổng kết nối</td>\r\n			<td style=\"border-color:transparent; vertical-align:middle\">3.5mm audio jack, cổng game card, cổng microSD card - Nintendo Switch Dock: 2 cổng USB 2.0 b&ecirc;n cạnh v&agrave; một cổng USB ph&iacute;a sau, cổng AC Adapter, Cổng HDMI</td>\r\n		</tr>\r\n	</tbody>\r\n	<thead>\r\n		<tr>\r\n			<td colspan=\"2\" style=\"border-color:transparent; vertical-align:middle; width:518.2px\">TH&Ocirc;NG SỐ VẬT L&Yacute;</td>\r\n		</tr>\r\n	</thead>\r\n	<tbody>\r\n		<tr>\r\n			<td style=\"border-color:transparent; vertical-align:middle; width:114px\">K&iacute;ch thước</td>\r\n			<td style=\"border-color:transparent; vertical-align:middle\">35.5cm x 20cm x 9.5cm</td>\r\n		</tr>\r\n		<tr>\r\n			<td style=\"border-color:transparent; vertical-align:middle; width:114px\">Trọng lượng</td>\r\n			<td style=\"border-color:transparent; vertical-align:middle\">297 g</td>\r\n		</tr>\r\n		<tr>\r\n			<td style=\"vertical-align:middle; width:114px\">Dung lượng pin</td>\r\n			<td style=\"border-color:transparent; vertical-align:middle\">4310 mAh, thời lượng sử dụng từ 4.5 đến 9 tiếng</td>\r\n		</tr>\r\n	</tbody>\r\n</table>\r\n', 15, 0, 8180000, 21, '2022-04-02', 0),
(101, 'Nintendo Switch OLED model with White Joy‑Con', '20220402144512nintendo-switch-oled-white-joy-con-00-700x700.jpg', 'Trắng', '<table style=\"width:538.2px\">\r\n	<thead>\r\n		<tr>\r\n			<td colspan=\"2\" style=\"vertical-align:middle; width:518.2px\">CẤU H&Igrave;NH CHI TIẾT</td>\r\n		</tr>\r\n	</thead>\r\n	<tbody>\r\n		<tr>\r\n			<td style=\"border-color:transparent; vertical-align:middle; width:114px\">Chi tiết CPU</td>\r\n			<td style=\"border-color:transparent; vertical-align:middle\">NVIDIA Tegra X1, 20nm, Cortex A7 bốn nh&acirc;n</td>\r\n		</tr>\r\n		<tr>\r\n			<td style=\"border-color:transparent; vertical-align:middle; width:114px\">Hỗ trợ thẻ nhớ</td>\r\n			<td style=\"border-color:transparent; vertical-align:middle\">C&oacute;, dung lượng tối đa 2TB</td>\r\n		</tr>\r\n		<tr>\r\n			<td style=\"border-color:transparent; vertical-align:middle; width:114px\">GPU</td>\r\n			<td style=\"border-color:transparent; vertical-align:middle\">NVIDIA Custom</td>\r\n		</tr>\r\n		<tr>\r\n			<td style=\"border-color:transparent; vertical-align:middle; width:114px\">Bộ nhớ trong</td>\r\n			<td style=\"border-color:transparent; vertical-align:middle\">64GB</td>\r\n		</tr>\r\n		<tr>\r\n			<td style=\"vertical-align:middle; width:114px\">Cảm biến</td>\r\n			<td style=\"border-color:transparent; vertical-align:middle\">Cảm biến gia tốc, con quay hồi chuyển, cảm biến &aacute;nh s&aacute;ng</td>\r\n		</tr>\r\n	</tbody>\r\n	<thead>\r\n		<tr>\r\n			<td colspan=\"2\" style=\"border-color:transparent; vertical-align:middle; width:518.2px\">M&Agrave;N H&Igrave;NH</td>\r\n		</tr>\r\n	</thead>\r\n	<tbody>\r\n		<tr>\r\n			<td style=\"border-color:transparent; vertical-align:middle; width:114px\">M&agrave;n h&igrave;nh</td>\r\n			<td style=\"border-color:transparent; vertical-align:middle\">OLED</td>\r\n		</tr>\r\n		<tr>\r\n			<td style=\"border-color:transparent; vertical-align:middle; width:114px\">Độ ph&acirc;n giải</td>\r\n			<td style=\"border-color:transparent; vertical-align:middle\">1080p khi d&ugrave;ng HDMI ở chế độ TV, 720p khi ở chế độ handheld</td>\r\n		</tr>\r\n		<tr>\r\n			<td style=\"vertical-align:middle; width:114px\">K&iacute;ch thước m&agrave;n h&igrave;nh</td>\r\n			<td style=\"border-color:transparent; vertical-align:middle\">7-inch</td>\r\n		</tr>\r\n	</tbody>\r\n	<thead>\r\n		<tr>\r\n			<td colspan=\"2\" style=\"border-color:transparent; vertical-align:middle; width:518.2px\">KẾT NỐI DỮ LIỆU</td>\r\n		</tr>\r\n	</thead>\r\n	<tbody>\r\n		<tr>\r\n			<td style=\"border-color:transparent; vertical-align:middle; width:114px\">Wi-Fi</td>\r\n			<td style=\"border-color:transparent; vertical-align:middle\">IEEE 802.11 a/b/g/n/ac, c&oacute; thể kết nối mạng LAN</td>\r\n		</tr>\r\n		<tr>\r\n			<td style=\"border-color:transparent; vertical-align:middle; width:114px\">Bluetooth</td>\r\n			<td style=\"border-color:transparent; vertical-align:middle\">4.1</td>\r\n		</tr>\r\n		<tr>\r\n			<td style=\"vertical-align:middle; width:114px\">Cổng kết nối</td>\r\n			<td style=\"border-color:transparent; vertical-align:middle\">3.5mm audio jack, cổng game card, cổng microSD card - Nintendo Switch Dock: 2 cổng USB 2.0 b&ecirc;n cạnh v&agrave; một cổng USB ph&iacute;a sau, cổng AC Adapter, Cổng HDMI, cổng LAN ở dock</td>\r\n		</tr>\r\n	</tbody>\r\n	<thead>\r\n		<tr>\r\n			<td colspan=\"2\" style=\"border-color:transparent; vertical-align:middle; width:518.2px\">TH&Ocirc;NG SỐ VẬT L&Yacute;</td>\r\n		</tr>\r\n	</thead>\r\n	<tbody>\r\n		<tr>\r\n			<td style=\"border-color:transparent; vertical-align:middle; width:114px\">K&iacute;ch thước</td>\r\n			<td style=\"border-color:transparent; vertical-align:middle\">35.5cm x 24.13cm x 9.5cm</td>\r\n		</tr>\r\n		<tr>\r\n			<td style=\"border-color:transparent; vertical-align:middle; width:114px\">Trọng lượng</td>\r\n			<td style=\"border-color:transparent; vertical-align:middle\">~320 g</td>\r\n		</tr>\r\n		<tr>\r\n			<td style=\"vertical-align:middle; width:114px\">Dung lượng pin</td>\r\n			<td style=\"border-color:transparent; vertical-align:middle\">4310 mAh, thời lượng sử dụng từ 4.5 đến 9 tiếng</td>\r\n		</tr>\r\n	</tbody>\r\n</table>\r\n', 15, 0, 9080000, 21, '2022-04-02', 0),
(102, 'New Nintendo Switch with Neon Red Blue Joy‑Con', '20220402144638nintendo-switch-v2-neon-kem-tui-700x700.jpg', 'Xanh Đỏ', '<table style=\"width:538.2px\">\r\n	<thead>\r\n		<tr>\r\n			<td colspan=\"2\" style=\"vertical-align:middle; width:518.2px\">CẤU H&Igrave;NH CHI TIẾT</td>\r\n		</tr>\r\n	</thead>\r\n	<tbody>\r\n		<tr>\r\n			<td style=\"border-color:transparent; vertical-align:middle; width:114px\">Chi tiết CPU</td>\r\n			<td style=\"border-color:transparent; vertical-align:middle\">NVIDIA Tegra X1, 20nm, Cortex A7 bốn nh&acirc;n</td>\r\n		</tr>\r\n		<tr>\r\n			<td style=\"border-color:transparent; vertical-align:middle; width:114px\">Hỗ trợ thẻ nhớ</td>\r\n			<td style=\"border-color:transparent; vertical-align:middle\">C&oacute;, dung lượng tối đa 2TB</td>\r\n		</tr>\r\n		<tr>\r\n			<td style=\"border-color:transparent; vertical-align:middle; width:114px\">GPU</td>\r\n			<td style=\"border-color:transparent; vertical-align:middle\">NVIDIA Custom</td>\r\n		</tr>\r\n		<tr>\r\n			<td style=\"border-color:transparent; vertical-align:middle; width:114px\">Bộ nhớ trong</td>\r\n			<td style=\"border-color:transparent; vertical-align:middle\">32GB</td>\r\n		</tr>\r\n		<tr>\r\n			<td style=\"vertical-align:middle; width:114px\">Cảm biến</td>\r\n			<td style=\"border-color:transparent; vertical-align:middle\">Cảm biến gia tốc, con quay hồi chuyển, cảm biến &aacute;nh s&aacute;ng</td>\r\n		</tr>\r\n	</tbody>\r\n	<thead>\r\n		<tr>\r\n			<td colspan=\"2\" style=\"border-color:transparent; vertical-align:middle; width:518.2px\">M&Agrave;N H&Igrave;NH</td>\r\n		</tr>\r\n	</thead>\r\n	<tbody>\r\n		<tr>\r\n			<td style=\"border-color:transparent; vertical-align:middle; width:114px\">Độ ph&acirc;n giải</td>\r\n			<td style=\"border-color:transparent; vertical-align:middle\">1280 x 720 pixels (HDMI: 1080p60)</td>\r\n		</tr>\r\n		<tr>\r\n			<td style=\"vertical-align:middle; width:114px\">K&iacute;ch thước m&agrave;n h&igrave;nh</td>\r\n			<td style=\"border-color:transparent; vertical-align:middle\">6.2-inch</td>\r\n		</tr>\r\n	</tbody>\r\n	<thead>\r\n		<tr>\r\n			<td colspan=\"2\" style=\"border-color:transparent; vertical-align:middle; width:518.2px\">KẾT NỐI DỮ LIỆU</td>\r\n		</tr>\r\n	</thead>\r\n	<tbody>\r\n		<tr>\r\n			<td style=\"border-color:transparent; vertical-align:middle; width:114px\">Wi-Fi</td>\r\n			<td style=\"border-color:transparent; vertical-align:middle\">IEEE 802.11 a/b/g/n/ac, c&oacute; thể kết nối mạng LAN</td>\r\n		</tr>\r\n		<tr>\r\n			<td style=\"border-color:transparent; vertical-align:middle; width:114px\">Bluetooth</td>\r\n			<td style=\"border-color:transparent; vertical-align:middle\">4.1</td>\r\n		</tr>\r\n		<tr>\r\n			<td style=\"vertical-align:middle; width:114px\">Cổng kết nối</td>\r\n			<td style=\"border-color:transparent; vertical-align:middle\">3.5mm audio jack, cổng game card, cổng microSD card - Nintendo Switch Dock: 2 cổng USB 2.0 b&ecirc;n cạnh v&agrave; một cổng USB ph&iacute;a sau, cổng AC Adapter, Cổng HDMI</td>\r\n		</tr>\r\n	</tbody>\r\n	<thead>\r\n		<tr>\r\n			<td colspan=\"2\" style=\"border-color:transparent; vertical-align:middle; width:518.2px\">TH&Ocirc;NG SỐ VẬT L&Yacute;</td>\r\n		</tr>\r\n	</thead>\r\n	<tbody>\r\n		<tr>\r\n			<td style=\"border-color:transparent; vertical-align:middle; width:114px\">K&iacute;ch thước</td>\r\n			<td style=\"border-color:transparent; vertical-align:middle\">35.5cm x 20cm x 9.5cm</td>\r\n		</tr>\r\n		<tr>\r\n			<td style=\"border-color:transparent; vertical-align:middle; width:114px\">Trọng lượng</td>\r\n			<td style=\"border-color:transparent; vertical-align:middle\">297 g</td>\r\n		</tr>\r\n		<tr>\r\n			<td style=\"vertical-align:middle; width:114px\">Dung lượng pin</td>\r\n			<td style=\"border-color:transparent; vertical-align:middle\">4310 mAh, thời lượng sử dụng từ 4.5 đến 9 tiếng</td>\r\n		</tr>\r\n	</tbody>\r\n</table>\r\n', 20, 5, 7880000, 8, '2022-04-02', 0),
(103, 'New Nintendo Switch with Gray Joy‑Con', '20220402144734nintendo-switch-2019-gray-00-700x700.jpg', 'Xám', '<table style=\"width:538.2px\">\r\n	<thead>\r\n		<tr>\r\n			<td colspan=\"2\" style=\"vertical-align:middle; width:518.2px\">CẤU H&Igrave;NH CHI TIẾT</td>\r\n		</tr>\r\n	</thead>\r\n	<tbody>\r\n		<tr>\r\n			<td style=\"border-color:transparent; vertical-align:middle; width:114px\">Chi tiết CPU</td>\r\n			<td style=\"border-color:transparent; vertical-align:middle\">NVIDIA Tegra X1, 20nm, Cortex A7 bốn nh&acirc;n</td>\r\n		</tr>\r\n		<tr>\r\n			<td style=\"border-color:transparent; vertical-align:middle; width:114px\">Hỗ trợ thẻ nhớ</td>\r\n			<td style=\"border-color:transparent; vertical-align:middle\">C&oacute;, dung lượng tối đa 2TB</td>\r\n		</tr>\r\n		<tr>\r\n			<td style=\"border-color:transparent; vertical-align:middle; width:114px\">GPU</td>\r\n			<td style=\"border-color:transparent; vertical-align:middle\">NVIDIA Custom</td>\r\n		</tr>\r\n		<tr>\r\n			<td style=\"border-color:transparent; vertical-align:middle; width:114px\">Bộ nhớ trong</td>\r\n			<td style=\"border-color:transparent; vertical-align:middle\">32GB</td>\r\n		</tr>\r\n		<tr>\r\n			<td style=\"vertical-align:middle; width:114px\">Cảm biến</td>\r\n			<td style=\"border-color:transparent; vertical-align:middle\">Cảm biến gia tốc, con quay hồi chuyển, cảm biến &aacute;nh s&aacute;ng</td>\r\n		</tr>\r\n	</tbody>\r\n	<thead>\r\n		<tr>\r\n			<td colspan=\"2\" style=\"border-color:transparent; vertical-align:middle; width:518.2px\">M&Agrave;N H&Igrave;NH</td>\r\n		</tr>\r\n	</thead>\r\n	<tbody>\r\n		<tr>\r\n			<td style=\"border-color:transparent; vertical-align:middle; width:114px\">Độ ph&acirc;n giải</td>\r\n			<td style=\"border-color:transparent; vertical-align:middle\">1280 x 720 pixels (HDMI: 1080p60)</td>\r\n		</tr>\r\n		<tr>\r\n			<td style=\"vertical-align:middle; width:114px\">K&iacute;ch thước m&agrave;n h&igrave;nh</td>\r\n			<td style=\"border-color:transparent; vertical-align:middle\">6.2-inch</td>\r\n		</tr>\r\n	</tbody>\r\n	<thead>\r\n		<tr>\r\n			<td colspan=\"2\" style=\"border-color:transparent; vertical-align:middle; width:518.2px\">KẾT NỐI DỮ LIỆU</td>\r\n		</tr>\r\n	</thead>\r\n	<tbody>\r\n		<tr>\r\n			<td style=\"border-color:transparent; vertical-align:middle; width:114px\">Wi-Fi</td>\r\n			<td style=\"border-color:transparent; vertical-align:middle\">IEEE 802.11 a/b/g/n/ac, c&oacute; thể kết nối mạng LAN</td>\r\n		</tr>\r\n		<tr>\r\n			<td style=\"border-color:transparent; vertical-align:middle; width:114px\">Bluetooth</td>\r\n			<td style=\"border-color:transparent; vertical-align:middle\">4.1</td>\r\n		</tr>\r\n		<tr>\r\n			<td style=\"vertical-align:middle; width:114px\">Cổng kết nối</td>\r\n			<td style=\"border-color:transparent; vertical-align:middle\">3.5mm audio jack, cổng game card, cổng microSD card - Nintendo Switch Dock: 2 cổng USB 2.0 b&ecirc;n cạnh v&agrave; một cổng USB ph&iacute;a sau, cổng AC Adapter, Cổng HDMI</td>\r\n		</tr>\r\n	</tbody>\r\n	<thead>\r\n		<tr>\r\n			<td colspan=\"2\" style=\"border-color:transparent; vertical-align:middle; width:518.2px\">TH&Ocirc;NG SỐ VẬT L&Yacute;</td>\r\n		</tr>\r\n	</thead>\r\n	<tbody>\r\n		<tr>\r\n			<td style=\"border-color:transparent; vertical-align:middle; width:114px\">K&iacute;ch thước</td>\r\n			<td style=\"border-color:transparent; vertical-align:middle\">35.5cm x 20cm x 9.5cm</td>\r\n		</tr>\r\n		<tr>\r\n			<td style=\"border-color:transparent; vertical-align:middle; width:114px\">Trọng lượng</td>\r\n			<td style=\"border-color:transparent; vertical-align:middle\">297 g</td>\r\n		</tr>\r\n		<tr>\r\n			<td style=\"vertical-align:middle; width:114px\">Dung lượng pin</td>\r\n			<td style=\"border-color:transparent; vertical-align:middle\">4310 mAh, thời lượng sử dụng từ 4.5 đến 9 tiếng</td>\r\n		</tr>\r\n	</tbody>\r\n</table>\r\n', 20, 0, 7380000, 8, '2022-04-02', 0),
(104, 'Nintendo Switch Lite - Pokémon Dialga & Palkia Edition', '20220402144827nintendo-switch-lite-dialga-and-palkia-edition-00-700x700.jpg', 'Dialga & Palkia Edit', '<table style=\"width:538.2px\">\r\n	<thead>\r\n		<tr>\r\n			<td colspan=\"2\" style=\"vertical-align:middle; width:518.2px\">CẤU H&Igrave;NH CHI TIẾT</td>\r\n		</tr>\r\n	</thead>\r\n	<tbody>\r\n		<tr>\r\n			<td style=\"border-color:transparent; vertical-align:middle; width:114px\">Chi tiết CPU</td>\r\n			<td style=\"border-color:transparent; vertical-align:middle\">NVIDIA Custom Tegra processor</td>\r\n		</tr>\r\n		<tr>\r\n			<td style=\"border-color:transparent; vertical-align:middle; width:114px\">Hỗ trợ thẻ nhớ tối đa</td>\r\n			<td style=\"border-color:transparent; vertical-align:middle\">2TB</td>\r\n		</tr>\r\n		<tr>\r\n			<td style=\"border-color:transparent; vertical-align:middle; width:114px\">GPU</td>\r\n			<td style=\"border-color:transparent; vertical-align:middle\">NVIDIA Custom</td>\r\n		</tr>\r\n		<tr>\r\n			<td style=\"border-color:transparent; vertical-align:middle; width:114px\">Bộ nhớ trong</td>\r\n			<td style=\"border-color:transparent; vertical-align:middle\">32GB</td>\r\n		</tr>\r\n		<tr>\r\n			<td style=\"vertical-align:middle; width:114px\">Cảm biến</td>\r\n			<td style=\"border-color:transparent; vertical-align:middle\">Cảm biến gia tốc, con quay hồi chuyển</td>\r\n		</tr>\r\n	</tbody>\r\n	<thead>\r\n		<tr>\r\n			<td colspan=\"2\" style=\"border-color:transparent; vertical-align:middle; width:518.2px\">M&Agrave;N H&Igrave;NH</td>\r\n		</tr>\r\n	</thead>\r\n	<tbody>\r\n		<tr>\r\n			<td style=\"border-color:transparent; vertical-align:middle; width:114px\">M&agrave;n h&igrave;nh</td>\r\n			<td style=\"border-color:transparent; vertical-align:middle\">LCD</td>\r\n		</tr>\r\n		<tr>\r\n			<td style=\"border-color:transparent; vertical-align:middle; width:114px\">Độ ph&acirc;n giải</td>\r\n			<td style=\"border-color:transparent; vertical-align:middle\">1280x720 pixels</td>\r\n		</tr>\r\n		<tr>\r\n			<td style=\"vertical-align:middle; width:114px\">K&iacute;ch thước m&agrave;n h&igrave;nh</td>\r\n			<td style=\"border-color:transparent; vertical-align:middle\">5.5 inch</td>\r\n		</tr>\r\n	</tbody>\r\n	<thead>\r\n		<tr>\r\n			<td colspan=\"2\" style=\"border-color:transparent; vertical-align:middle; width:518.2px\">KẾT NỐI DỮ LIỆU</td>\r\n		</tr>\r\n	</thead>\r\n	<tbody>\r\n		<tr>\r\n			<td style=\"border-color:transparent; vertical-align:middle; width:114px\">Wi-Fi</td>\r\n			<td style=\"border-color:transparent; vertical-align:middle\">IEEE 802.11 a/b/g/n/ac</td>\r\n		</tr>\r\n		<tr>\r\n			<td style=\"border-color:transparent; vertical-align:middle; width:114px\">Bluetooth</td>\r\n			<td style=\"border-color:transparent; vertical-align:middle\">4.1</td>\r\n		</tr>\r\n		<tr>\r\n			<td style=\"vertical-align:middle; width:114px\">Cổng kết nối</td>\r\n			<td style=\"border-color:transparent; vertical-align:middle\">3.5mm audio jack, cổng game card, cổng microSD card, USB-C (chỉ để sạc)</td>\r\n		</tr>\r\n	</tbody>\r\n	<thead>\r\n		<tr>\r\n			<td colspan=\"2\" style=\"border-color:transparent; vertical-align:middle; width:518.2px\">TH&Ocirc;NG SỐ VẬT L&Yacute;</td>\r\n		</tr>\r\n	</thead>\r\n	<tbody>\r\n		<tr>\r\n			<td style=\"border-color:transparent; vertical-align:middle; width:114px\">K&iacute;ch thước</td>\r\n			<td style=\"border-color:transparent; vertical-align:middle\">20.8 x 9.1 x 1.4 cm</td>\r\n		</tr>\r\n		<tr>\r\n			<td style=\"border-color:transparent; vertical-align:middle; width:114px\">Trọng lượng</td>\r\n			<td style=\"border-color:transparent; vertical-align:middle\">308g</td>\r\n		</tr>\r\n		<tr>\r\n			<td style=\"vertical-align:middle; width:114px\">Dung lượng pin</td>\r\n			<td style=\"border-color:transparent; vertical-align:middle\">3570mAh, thời lượng sử dụng từ 3 đến 7 tiếng</td>\r\n		</tr>\r\n	</tbody>\r\n</table>\r\n', 15, 0, 5680000, 9, '2022-04-02', 0),
(105, 'Nintendo Switch Lite - Turquoise Vàng', '20220402144937nintendo-switch-lite-yellow-00-700x700.jpg', 'Vàng', '<table style=\"width:538.2px\">\r\n	<thead>\r\n		<tr>\r\n			<td colspan=\"2\" style=\"vertical-align:middle; width:518.2px\">CẤU H&Igrave;NH CHI TIẾT</td>\r\n		</tr>\r\n	</thead>\r\n	<tbody>\r\n		<tr>\r\n			<td style=\"border-color:transparent; vertical-align:middle; width:114px\">Chi tiết CPU</td>\r\n			<td style=\"border-color:transparent; vertical-align:middle\">NVIDIA Custom Tegra processor</td>\r\n		</tr>\r\n		<tr>\r\n			<td style=\"border-color:transparent; vertical-align:middle; width:114px\">Hỗ trợ thẻ nhớ tối đa</td>\r\n			<td style=\"border-color:transparent; vertical-align:middle\">2TB</td>\r\n		</tr>\r\n		<tr>\r\n			<td style=\"border-color:transparent; vertical-align:middle; width:114px\">GPU</td>\r\n			<td style=\"border-color:transparent; vertical-align:middle\">NVIDIA Custom</td>\r\n		</tr>\r\n		<tr>\r\n			<td style=\"border-color:transparent; vertical-align:middle; width:114px\">Bộ nhớ trong</td>\r\n			<td style=\"border-color:transparent; vertical-align:middle\">32GB</td>\r\n		</tr>\r\n		<tr>\r\n			<td style=\"vertical-align:middle; width:114px\">Cảm biến</td>\r\n			<td style=\"border-color:transparent; vertical-align:middle\">Cảm biến gia tốc, con quay hồi chuyển</td>\r\n		</tr>\r\n	</tbody>\r\n	<thead>\r\n		<tr>\r\n			<td colspan=\"2\" style=\"border-color:transparent; vertical-align:middle; width:518.2px\">M&Agrave;N H&Igrave;NH</td>\r\n		</tr>\r\n	</thead>\r\n	<tbody>\r\n		<tr>\r\n			<td style=\"border-color:transparent; vertical-align:middle; width:114px\">M&agrave;n h&igrave;nh</td>\r\n			<td style=\"border-color:transparent; vertical-align:middle\">LCD</td>\r\n		</tr>\r\n		<tr>\r\n			<td style=\"border-color:transparent; vertical-align:middle; width:114px\">Độ ph&acirc;n giải</td>\r\n			<td style=\"border-color:transparent; vertical-align:middle\">1280x720 pixels</td>\r\n		</tr>\r\n		<tr>\r\n			<td style=\"vertical-align:middle; width:114px\">K&iacute;ch thước m&agrave;n h&igrave;nh</td>\r\n			<td style=\"border-color:transparent; vertical-align:middle\">5.5 inch</td>\r\n		</tr>\r\n	</tbody>\r\n	<thead>\r\n		<tr>\r\n			<td colspan=\"2\" style=\"border-color:transparent; vertical-align:middle; width:518.2px\">KẾT NỐI DỮ LIỆU</td>\r\n		</tr>\r\n	</thead>\r\n	<tbody>\r\n		<tr>\r\n			<td style=\"border-color:transparent; vertical-align:middle; width:114px\">Wi-Fi</td>\r\n			<td style=\"border-color:transparent; vertical-align:middle\">IEEE 802.11 a/b/g/n/ac</td>\r\n		</tr>\r\n		<tr>\r\n			<td style=\"border-color:transparent; vertical-align:middle; width:114px\">Bluetooth</td>\r\n			<td style=\"border-color:transparent; vertical-align:middle\">4.1</td>\r\n		</tr>\r\n		<tr>\r\n			<td style=\"vertical-align:middle; width:114px\">Cổng kết nối</td>\r\n			<td style=\"border-color:transparent; vertical-align:middle\">3.5mm audio jack, cổng game card, cổng microSD card, USB-C (chỉ để sạc)</td>\r\n		</tr>\r\n	</tbody>\r\n	<thead>\r\n		<tr>\r\n			<td colspan=\"2\" style=\"border-color:transparent; vertical-align:middle; width:518.2px\">TH&Ocirc;NG SỐ VẬT L&Yacute;</td>\r\n		</tr>\r\n	</thead>\r\n	<tbody>\r\n		<tr>\r\n			<td style=\"border-color:transparent; vertical-align:middle; width:114px\">K&iacute;ch thước</td>\r\n			<td style=\"border-color:transparent; vertical-align:middle\">20.8 x 9.1 x 1.4 cm</td>\r\n		</tr>\r\n		<tr>\r\n			<td style=\"border-color:transparent; vertical-align:middle; width:114px\">Trọng lượng</td>\r\n			<td style=\"border-color:transparent; vertical-align:middle\">308g</td>\r\n		</tr>\r\n		<tr>\r\n			<td style=\"vertical-align:middle; width:114px\">Dung lượng pin</td>\r\n			<td style=\"border-color:transparent; vertical-align:middle\">3570mAh, thời lượng sử dụng từ 3 đến 7 tiếng</td>\r\n		</tr>\r\n	</tbody>\r\n</table>\r\n', 25, 0, 5050000, 9, '2022-04-02', 0),
(106, 'Nintendo Switch Lite - Turquoise Xanh', '20220402145013nintendo-switch-lite-turquoise-00-700x700.jpg', 'Xanh', '<table style=\"width:538.2px\">\r\n	<thead>\r\n		<tr>\r\n			<td colspan=\"2\" style=\"vertical-align:middle; width:518.2px\">CẤU H&Igrave;NH CHI TIẾT</td>\r\n		</tr>\r\n	</thead>\r\n	<tbody>\r\n		<tr>\r\n			<td style=\"border-color:transparent; vertical-align:middle; width:114px\">Chi tiết CPU</td>\r\n			<td style=\"border-color:transparent; vertical-align:middle\">NVIDIA Custom Tegra processor</td>\r\n		</tr>\r\n		<tr>\r\n			<td style=\"border-color:transparent; vertical-align:middle; width:114px\">Hỗ trợ thẻ nhớ tối đa</td>\r\n			<td style=\"border-color:transparent; vertical-align:middle\">2TB</td>\r\n		</tr>\r\n		<tr>\r\n			<td style=\"border-color:transparent; vertical-align:middle; width:114px\">GPU</td>\r\n			<td style=\"border-color:transparent; vertical-align:middle\">NVIDIA Custom</td>\r\n		</tr>\r\n		<tr>\r\n			<td style=\"border-color:transparent; vertical-align:middle; width:114px\">Bộ nhớ trong</td>\r\n			<td style=\"border-color:transparent; vertical-align:middle\">32GB</td>\r\n		</tr>\r\n		<tr>\r\n			<td style=\"vertical-align:middle; width:114px\">Cảm biến</td>\r\n			<td style=\"border-color:transparent; vertical-align:middle\">Cảm biến gia tốc, con quay hồi chuyển</td>\r\n		</tr>\r\n	</tbody>\r\n	<thead>\r\n		<tr>\r\n			<td colspan=\"2\" style=\"border-color:transparent; vertical-align:middle; width:518.2px\">M&Agrave;N H&Igrave;NH</td>\r\n		</tr>\r\n	</thead>\r\n	<tbody>\r\n		<tr>\r\n			<td style=\"border-color:transparent; vertical-align:middle; width:114px\">M&agrave;n h&igrave;nh</td>\r\n			<td style=\"border-color:transparent; vertical-align:middle\">LCD</td>\r\n		</tr>\r\n		<tr>\r\n			<td style=\"border-color:transparent; vertical-align:middle; width:114px\">Độ ph&acirc;n giải</td>\r\n			<td style=\"border-color:transparent; vertical-align:middle\">1280x720 pixels</td>\r\n		</tr>\r\n		<tr>\r\n			<td style=\"vertical-align:middle; width:114px\">K&iacute;ch thước m&agrave;n h&igrave;nh</td>\r\n			<td style=\"border-color:transparent; vertical-align:middle\">5.5 inch</td>\r\n		</tr>\r\n	</tbody>\r\n	<thead>\r\n		<tr>\r\n			<td colspan=\"2\" style=\"border-color:transparent; vertical-align:middle; width:518.2px\">KẾT NỐI DỮ LIỆU</td>\r\n		</tr>\r\n	</thead>\r\n	<tbody>\r\n		<tr>\r\n			<td style=\"border-color:transparent; vertical-align:middle; width:114px\">Wi-Fi</td>\r\n			<td style=\"border-color:transparent; vertical-align:middle\">IEEE 802.11 a/b/g/n/ac</td>\r\n		</tr>\r\n		<tr>\r\n			<td style=\"border-color:transparent; vertical-align:middle; width:114px\">Bluetooth</td>\r\n			<td style=\"border-color:transparent; vertical-align:middle\">4.1</td>\r\n		</tr>\r\n		<tr>\r\n			<td style=\"vertical-align:middle; width:114px\">Cổng kết nối</td>\r\n			<td style=\"border-color:transparent; vertical-align:middle\">3.5mm audio jack, cổng game card, cổng microSD card, USB-C (chỉ để sạc)</td>\r\n		</tr>\r\n	</tbody>\r\n	<thead>\r\n		<tr>\r\n			<td colspan=\"2\" style=\"border-color:transparent; vertical-align:middle; width:518.2px\">TH&Ocirc;NG SỐ VẬT L&Yacute;</td>\r\n		</tr>\r\n	</thead>\r\n	<tbody>\r\n		<tr>\r\n			<td style=\"border-color:transparent; vertical-align:middle; width:114px\">K&iacute;ch thước</td>\r\n			<td style=\"border-color:transparent; vertical-align:middle\">20.8 x 9.1 x 1.4 cm</td>\r\n		</tr>\r\n		<tr>\r\n			<td style=\"border-color:transparent; vertical-align:middle; width:114px\">Trọng lượng</td>\r\n			<td style=\"border-color:transparent; vertical-align:middle\">308g</td>\r\n		</tr>\r\n		<tr>\r\n			<td style=\"vertical-align:middle; width:114px\">Dung lượng pin</td>\r\n			<td style=\"border-color:transparent; vertical-align:middle\">3570mAh, thời lượng sử dụng từ 3 đến 7 tiếng</td>\r\n		</tr>\r\n	</tbody>\r\n</table>\r\n', 25, 0, 5050000, 9, '2022-04-02', 0),
(107, 'Nintendo Switch Lite - Turquoise Hồng', '20220402145030nintendo-switch-lite-coral-00-700x700.jpg', 'Hồng', '<table style=\"width:538.2px\">\r\n	<thead>\r\n		<tr>\r\n			<td colspan=\"2\" style=\"vertical-align:middle; width:518.2px\">CẤU H&Igrave;NH CHI TIẾT</td>\r\n		</tr>\r\n	</thead>\r\n	<tbody>\r\n		<tr>\r\n			<td style=\"border-color:transparent; vertical-align:middle; width:114px\">Chi tiết CPU</td>\r\n			<td style=\"border-color:transparent; vertical-align:middle\">NVIDIA Custom Tegra processor</td>\r\n		</tr>\r\n		<tr>\r\n			<td style=\"border-color:transparent; vertical-align:middle; width:114px\">Hỗ trợ thẻ nhớ tối đa</td>\r\n			<td style=\"border-color:transparent; vertical-align:middle\">2TB</td>\r\n		</tr>\r\n		<tr>\r\n			<td style=\"border-color:transparent; vertical-align:middle; width:114px\">GPU</td>\r\n			<td style=\"border-color:transparent; vertical-align:middle\">NVIDIA Custom</td>\r\n		</tr>\r\n		<tr>\r\n			<td style=\"border-color:transparent; vertical-align:middle; width:114px\">Bộ nhớ trong</td>\r\n			<td style=\"border-color:transparent; vertical-align:middle\">32GB</td>\r\n		</tr>\r\n		<tr>\r\n			<td style=\"vertical-align:middle; width:114px\">Cảm biến</td>\r\n			<td style=\"border-color:transparent; vertical-align:middle\">Cảm biến gia tốc, con quay hồi chuyển</td>\r\n		</tr>\r\n	</tbody>\r\n	<thead>\r\n		<tr>\r\n			<td colspan=\"2\" style=\"border-color:transparent; vertical-align:middle; width:518.2px\">M&Agrave;N H&Igrave;NH</td>\r\n		</tr>\r\n	</thead>\r\n	<tbody>\r\n		<tr>\r\n			<td style=\"border-color:transparent; vertical-align:middle; width:114px\">M&agrave;n h&igrave;nh</td>\r\n			<td style=\"border-color:transparent; vertical-align:middle\">LCD</td>\r\n		</tr>\r\n		<tr>\r\n			<td style=\"border-color:transparent; vertical-align:middle; width:114px\">Độ ph&acirc;n giải</td>\r\n			<td style=\"border-color:transparent; vertical-align:middle\">1280x720 pixels</td>\r\n		</tr>\r\n		<tr>\r\n			<td style=\"vertical-align:middle; width:114px\">K&iacute;ch thước m&agrave;n h&igrave;nh</td>\r\n			<td style=\"border-color:transparent; vertical-align:middle\">5.5 inch</td>\r\n		</tr>\r\n	</tbody>\r\n	<thead>\r\n		<tr>\r\n			<td colspan=\"2\" style=\"border-color:transparent; vertical-align:middle; width:518.2px\">KẾT NỐI DỮ LIỆU</td>\r\n		</tr>\r\n	</thead>\r\n	<tbody>\r\n		<tr>\r\n			<td style=\"border-color:transparent; vertical-align:middle; width:114px\">Wi-Fi</td>\r\n			<td style=\"border-color:transparent; vertical-align:middle\">IEEE 802.11 a/b/g/n/ac</td>\r\n		</tr>\r\n		<tr>\r\n			<td style=\"border-color:transparent; vertical-align:middle; width:114px\">Bluetooth</td>\r\n			<td style=\"border-color:transparent; vertical-align:middle\">4.1</td>\r\n		</tr>\r\n		<tr>\r\n			<td style=\"vertical-align:middle; width:114px\">Cổng kết nối</td>\r\n			<td style=\"border-color:transparent; vertical-align:middle\">3.5mm audio jack, cổng game card, cổng microSD card, USB-C (chỉ để sạc)</td>\r\n		</tr>\r\n	</tbody>\r\n	<thead>\r\n		<tr>\r\n			<td colspan=\"2\" style=\"border-color:transparent; vertical-align:middle; width:518.2px\">TH&Ocirc;NG SỐ VẬT L&Yacute;</td>\r\n		</tr>\r\n	</thead>\r\n	<tbody>\r\n		<tr>\r\n			<td style=\"border-color:transparent; vertical-align:middle; width:114px\">K&iacute;ch thước</td>\r\n			<td style=\"border-color:transparent; vertical-align:middle\">20.8 x 9.1 x 1.4 cm</td>\r\n		</tr>\r\n		<tr>\r\n			<td style=\"border-color:transparent; vertical-align:middle; width:114px\">Trọng lượng</td>\r\n			<td style=\"border-color:transparent; vertical-align:middle\">308g</td>\r\n		</tr>\r\n		<tr>\r\n			<td style=\"vertical-align:middle; width:114px\">Dung lượng pin</td>\r\n			<td style=\"border-color:transparent; vertical-align:middle\">3570mAh, thời lượng sử dụng từ 3 đến 7 tiếng</td>\r\n		</tr>\r\n	</tbody>\r\n</table>\r\n', 25, 0, 5050000, 9, '2022-04-02', 0),
(108, 'Nintendo Switch Lite - Turquoise Xám Đen', '20220402145055nintendo-switch-lite-gray-00-700x700.jpg', 'Xám Đen', '<table style=\"width:538.2px\">\r\n	<thead>\r\n		<tr>\r\n			<td colspan=\"2\" style=\"vertical-align:middle; width:518.2px\">CẤU H&Igrave;NH CHI TIẾT</td>\r\n		</tr>\r\n	</thead>\r\n	<tbody>\r\n		<tr>\r\n			<td style=\"border-color:transparent; vertical-align:middle; width:114px\">Chi tiết CPU</td>\r\n			<td style=\"border-color:transparent; vertical-align:middle\">NVIDIA Custom Tegra processor</td>\r\n		</tr>\r\n		<tr>\r\n			<td style=\"border-color:transparent; vertical-align:middle; width:114px\">Hỗ trợ thẻ nhớ tối đa</td>\r\n			<td style=\"border-color:transparent; vertical-align:middle\">2TB</td>\r\n		</tr>\r\n		<tr>\r\n			<td style=\"border-color:transparent; vertical-align:middle; width:114px\">GPU</td>\r\n			<td style=\"border-color:transparent; vertical-align:middle\">NVIDIA Custom</td>\r\n		</tr>\r\n		<tr>\r\n			<td style=\"border-color:transparent; vertical-align:middle; width:114px\">Bộ nhớ trong</td>\r\n			<td style=\"border-color:transparent; vertical-align:middle\">32GB</td>\r\n		</tr>\r\n		<tr>\r\n			<td style=\"vertical-align:middle; width:114px\">Cảm biến</td>\r\n			<td style=\"border-color:transparent; vertical-align:middle\">Cảm biến gia tốc, con quay hồi chuyển</td>\r\n		</tr>\r\n	</tbody>\r\n	<thead>\r\n		<tr>\r\n			<td colspan=\"2\" style=\"border-color:transparent; vertical-align:middle; width:518.2px\">M&Agrave;N H&Igrave;NH</td>\r\n		</tr>\r\n	</thead>\r\n	<tbody>\r\n		<tr>\r\n			<td style=\"border-color:transparent; vertical-align:middle; width:114px\">M&agrave;n h&igrave;nh</td>\r\n			<td style=\"border-color:transparent; vertical-align:middle\">LCD</td>\r\n		</tr>\r\n		<tr>\r\n			<td style=\"border-color:transparent; vertical-align:middle; width:114px\">Độ ph&acirc;n giải</td>\r\n			<td style=\"border-color:transparent; vertical-align:middle\">1280x720 pixels</td>\r\n		</tr>\r\n		<tr>\r\n			<td style=\"vertical-align:middle; width:114px\">K&iacute;ch thước m&agrave;n h&igrave;nh</td>\r\n			<td style=\"border-color:transparent; vertical-align:middle\">5.5 inch</td>\r\n		</tr>\r\n	</tbody>\r\n	<thead>\r\n		<tr>\r\n			<td colspan=\"2\" style=\"border-color:transparent; vertical-align:middle; width:518.2px\">KẾT NỐI DỮ LIỆU</td>\r\n		</tr>\r\n	</thead>\r\n	<tbody>\r\n		<tr>\r\n			<td style=\"border-color:transparent; vertical-align:middle; width:114px\">Wi-Fi</td>\r\n			<td style=\"border-color:transparent; vertical-align:middle\">IEEE 802.11 a/b/g/n/ac</td>\r\n		</tr>\r\n		<tr>\r\n			<td style=\"border-color:transparent; vertical-align:middle; width:114px\">Bluetooth</td>\r\n			<td style=\"border-color:transparent; vertical-align:middle\">4.1</td>\r\n		</tr>\r\n		<tr>\r\n			<td style=\"vertical-align:middle; width:114px\">Cổng kết nối</td>\r\n			<td style=\"border-color:transparent; vertical-align:middle\">3.5mm audio jack, cổng game card, cổng microSD card, USB-C (chỉ để sạc)</td>\r\n		</tr>\r\n	</tbody>\r\n	<thead>\r\n		<tr>\r\n			<td colspan=\"2\" style=\"border-color:transparent; vertical-align:middle; width:518.2px\">TH&Ocirc;NG SỐ VẬT L&Yacute;</td>\r\n		</tr>\r\n	</thead>\r\n	<tbody>\r\n		<tr>\r\n			<td style=\"border-color:transparent; vertical-align:middle; width:114px\">K&iacute;ch thước</td>\r\n			<td style=\"border-color:transparent; vertical-align:middle\">20.8 x 9.1 x 1.4 cm</td>\r\n		</tr>\r\n		<tr>\r\n			<td style=\"border-color:transparent; vertical-align:middle; width:114px\">Trọng lượng</td>\r\n			<td style=\"border-color:transparent; vertical-align:middle\">308g</td>\r\n		</tr>\r\n		<tr>\r\n			<td style=\"vertical-align:middle; width:114px\">Dung lượng pin</td>\r\n			<td style=\"border-color:transparent; vertical-align:middle\">3570mAh, thời lượng sử dụng từ 3 đến 7 tiếng</td>\r\n		</tr>\r\n	</tbody>\r\n</table>\r\n', 25, 0, 5050000, 9, '2022-04-02', 0),
(109, 'PlayStation 4 Slim 1TB - Slim 1', '20220402145156ps4-slim-1-km-700x700.jpg', 'Đen', '<table style=\"width:538.2px\">\r\n	<thead>\r\n		<tr>\r\n			<td colspan=\"2\" style=\"vertical-align:middle; width:518.2px\">CẤU H&Igrave;NH CHI TIẾT</td>\r\n		</tr>\r\n	</thead>\r\n	<tbody>\r\n		<tr>\r\n			<td style=\"border-color:transparent; vertical-align:middle; width:114px\">M&atilde; sản phẩm</td>\r\n			<td style=\"border-color:transparent; vertical-align:middle\">CUH-2218B series</td>\r\n		</tr>\r\n		<tr>\r\n			<td style=\"border-color:transparent; vertical-align:middle; width:114px\">Chi tiết CPU</td>\r\n			<td style=\"border-color:transparent; vertical-align:middle\">x86-64 AMD &quot;Jaguar&quot;, 8 nh&acirc;n</td>\r\n		</tr>\r\n		<tr>\r\n			<td style=\"border-color:transparent; vertical-align:middle; width:114px\">GPU</td>\r\n			<td style=\"border-color:transparent; vertical-align:middle\">1.84 TFLOPS, đồ họa nền tảng AMD Radeon</td>\r\n		</tr>\r\n		<tr>\r\n			<td style=\"border-color:transparent; vertical-align:middle; width:114px\">RAM</td>\r\n			<td style=\"border-color:transparent; vertical-align:middle\">GDDR5 8GB</td>\r\n		</tr>\r\n		<tr>\r\n			<td style=\"vertical-align:middle; width:114px\">Bộ nhớ trong</td>\r\n			<td style=\"border-color:transparent; vertical-align:middle\">1TB</td>\r\n		</tr>\r\n	</tbody>\r\n	<thead>\r\n		<tr>\r\n			<td colspan=\"2\" style=\"border-color:transparent; vertical-align:middle; width:518.2px\">KẾT NỐI DỮ LIỆU</td>\r\n		</tr>\r\n	</thead>\r\n	<tbody>\r\n		<tr>\r\n			<td style=\"border-color:transparent; vertical-align:middle; width:114px\">Ổ đĩa BD/DVD (chỉ đọc)</td>\r\n			<td style=\"border-color:transparent; vertical-align:middle\">BD x 6 CAV, DVD x 8 CAV</td>\r\n		</tr>\r\n		<tr>\r\n			<td style=\"border-color:transparent; vertical-align:middle; width:114px\">Đường v&agrave;o / ra</td>\r\n			<td style=\"border-color:transparent; vertical-align:middle\">Cổng USB tốc độ cao (USB 3.1 thế hệ 1) x 2, Cổng AUX x 1</td>\r\n		</tr>\r\n		<tr>\r\n			<td style=\"border-color:transparent; vertical-align:middle; width:114px\">Cổng ra AV</td>\r\n			<td style=\"border-color:transparent; vertical-align:middle\">HDMI out port (hỗ trợ 4K/HDR)</td>\r\n		</tr>\r\n		<tr>\r\n			<td style=\"vertical-align:middle; width:114px\">Kết nối mạng</td>\r\n			<td style=\"border-color:transparent; vertical-align:middle\">C&aacute;p mạng Ethernet (10BASE-T, 100BASE-TX, 1000BASE-T)x1 Wi-Fi IEEE 802.11 a/b/g/n/ac, Bluetooth&reg;v4.0</td>\r\n		</tr>\r\n	</tbody>\r\n	<thead>\r\n		<tr>\r\n			<td colspan=\"2\" style=\"border-color:transparent; vertical-align:middle; width:518.2px\">TH&Ocirc;NG SỐ VẬT L&Yacute;</td>\r\n		</tr>\r\n	</thead>\r\n	<tbody>\r\n		<tr>\r\n			<td style=\"border-color:transparent; vertical-align:middle; width:114px\">M&agrave;u sắc sản phẩm</td>\r\n			<td style=\"border-color:transparent; vertical-align:middle\">Jet Black</td>\r\n		</tr>\r\n		<tr>\r\n			<td style=\"border-color:transparent; vertical-align:middle; width:114px\">K&iacute;ch thước</td>\r\n			<td style=\"border-color:transparent; vertical-align:middle\">265 &times; 39 &times; 288 mm (rộng x d&agrave;i x cao)</td>\r\n		</tr>\r\n		<tr>\r\n			<td style=\"border-color:transparent; vertical-align:middle; width:114px\">Trọng lượng</td>\r\n			<td style=\"border-color:transparent; vertical-align:middle\">2.1 kg</td>\r\n		</tr>\r\n		<tr>\r\n			<td style=\"border-color:transparent; vertical-align:middle; width:114px\">Nguồn điện</td>\r\n			<td style=\"border-color:transparent; vertical-align:middle\">Xoay chiều, 100-240V, 50/60Hz</td>\r\n		</tr>\r\n		<tr>\r\n			<td style=\"border-color:transparent; vertical-align:middle; width:114px\">C&ocirc;ng suất ti&ecirc;u thụ</td>\r\n			<td style=\"border-color:transparent; vertical-align:middle\">Tối đa 165W</td>\r\n		</tr>\r\n		<tr>\r\n			<td style=\"vertical-align:middle; width:114px\">Nhiệt độ l&agrave;m việc</td>\r\n			<td style=\"border-color:transparent; vertical-align:middle\">5&ordm;C - 35&ordm;C</td>\r\n		</tr>\r\n	</tbody>\r\n</table>\r\n', 15, 0, 9180000, 22, '2022-04-02', 0),
(110, 'PlayStation 4 Slim 1TB - Slim 2', '20220402145238ps4-slim-2-km-700x700.jpg', 'Đen', '<table style=\"width:538.2px\">\r\n	<thead>\r\n		<tr>\r\n			<td colspan=\"2\" style=\"vertical-align:middle; width:518.2px\">CẤU H&Igrave;NH CHI TIẾT</td>\r\n		</tr>\r\n	</thead>\r\n	<tbody>\r\n		<tr>\r\n			<td style=\"border-color:transparent; vertical-align:middle; width:114px\">M&atilde; sản phẩm</td>\r\n			<td style=\"border-color:transparent; vertical-align:middle\">CUH-2218B series</td>\r\n		</tr>\r\n		<tr>\r\n			<td style=\"border-color:transparent; vertical-align:middle; width:114px\">Chi tiết CPU</td>\r\n			<td style=\"border-color:transparent; vertical-align:middle\">x86-64 AMD &quot;Jaguar&quot;, 8 nh&acirc;n</td>\r\n		</tr>\r\n		<tr>\r\n			<td style=\"border-color:transparent; vertical-align:middle; width:114px\">GPU</td>\r\n			<td style=\"border-color:transparent; vertical-align:middle\">1.84 TFLOPS, đồ họa nền tảng AMD Radeon</td>\r\n		</tr>\r\n		<tr>\r\n			<td style=\"border-color:transparent; vertical-align:middle; width:114px\">RAM</td>\r\n			<td style=\"border-color:transparent; vertical-align:middle\">GDDR5 8GB</td>\r\n		</tr>\r\n		<tr>\r\n			<td style=\"vertical-align:middle; width:114px\">Bộ nhớ trong</td>\r\n			<td style=\"border-color:transparent; vertical-align:middle\">1TB</td>\r\n		</tr>\r\n	</tbody>\r\n	<thead>\r\n		<tr>\r\n			<td colspan=\"2\" style=\"border-color:transparent; vertical-align:middle; width:518.2px\">KẾT NỐI DỮ LIỆU</td>\r\n		</tr>\r\n	</thead>\r\n	<tbody>\r\n		<tr>\r\n			<td style=\"border-color:transparent; vertical-align:middle; width:114px\">Ổ đĩa BD/DVD (chỉ đọc)</td>\r\n			<td style=\"border-color:transparent; vertical-align:middle\">BD x 6 CAV, DVD x 8 CAV</td>\r\n		</tr>\r\n		<tr>\r\n			<td style=\"border-color:transparent; vertical-align:middle; width:114px\">Đường v&agrave;o / ra</td>\r\n			<td style=\"border-color:transparent; vertical-align:middle\">Cổng USB tốc độ cao (USB 3.1 thế hệ 1) x 2, Cổng AUX x 1</td>\r\n		</tr>\r\n		<tr>\r\n			<td style=\"border-color:transparent; vertical-align:middle; width:114px\">Cổng ra AV</td>\r\n			<td style=\"border-color:transparent; vertical-align:middle\">HDMI out port (hỗ trợ 4K/HDR)</td>\r\n		</tr>\r\n		<tr>\r\n			<td style=\"vertical-align:middle; width:114px\">Kết nối mạng</td>\r\n			<td style=\"border-color:transparent; vertical-align:middle\">C&aacute;p mạng Ethernet (10BASE-T, 100BASE-TX, 1000BASE-T)x1 Wi-Fi IEEE 802.11 a/b/g/n/ac, Bluetooth&reg;v4.0</td>\r\n		</tr>\r\n	</tbody>\r\n	<thead>\r\n		<tr>\r\n			<td colspan=\"2\" style=\"border-color:transparent; vertical-align:middle; width:518.2px\">TH&Ocirc;NG SỐ VẬT L&Yacute;</td>\r\n		</tr>\r\n	</thead>\r\n	<tbody>\r\n		<tr>\r\n			<td style=\"border-color:transparent; vertical-align:middle; width:114px\">M&agrave;u sắc sản phẩm</td>\r\n			<td style=\"border-color:transparent; vertical-align:middle\">Jet Black</td>\r\n		</tr>\r\n		<tr>\r\n			<td style=\"border-color:transparent; vertical-align:middle; width:114px\">K&iacute;ch thước</td>\r\n			<td style=\"border-color:transparent; vertical-align:middle\">265 &times; 39 &times; 288 mm (rộng x d&agrave;i x cao)</td>\r\n		</tr>\r\n		<tr>\r\n			<td style=\"border-color:transparent; vertical-align:middle; width:114px\">Trọng lượng</td>\r\n			<td style=\"border-color:transparent; vertical-align:middle\">2.1 kg</td>\r\n		</tr>\r\n		<tr>\r\n			<td style=\"border-color:transparent; vertical-align:middle; width:114px\">Nguồn điện</td>\r\n			<td style=\"border-color:transparent; vertical-align:middle\">Xoay chiều, 100-240V, 50/60Hz</td>\r\n		</tr>\r\n		<tr>\r\n			<td style=\"border-color:transparent; vertical-align:middle; width:114px\">C&ocirc;ng suất ti&ecirc;u thụ</td>\r\n			<td style=\"border-color:transparent; vertical-align:middle\">Tối đa 165W</td>\r\n		</tr>\r\n		<tr>\r\n			<td style=\"vertical-align:middle; width:114px\">Nhiệt độ l&agrave;m việc</td>\r\n			<td style=\"border-color:transparent; vertical-align:middle\">5&ordm;C - 35&ordm;C</td>\r\n		</tr>\r\n	</tbody>\r\n</table>\r\n', 15, 0, 9490000, 22, '2022-04-02', 0);
INSERT INTO `sanpham` (`idsp`, `tensp`, `hinhanh`, `mau`, `chitiet`, `soluong`, `daban`, `gia`, `madm`, `ngaycapnhat`, `trangthai`) VALUES
(111, 'PlayStation 4 Slim 1TB - Slim 3', '20220402145317ps4-slim-3-km-700x700.jpg', 'Đen', '<table style=\"width:538.2px\">\r\n	<thead>\r\n		<tr>\r\n			<td colspan=\"2\" style=\"vertical-align:middle; width:518.2px\">CẤU H&Igrave;NH CHI TIẾT</td>\r\n		</tr>\r\n	</thead>\r\n	<tbody>\r\n		<tr>\r\n			<td style=\"border-color:transparent; vertical-align:middle; width:114px\">M&atilde; sản phẩm</td>\r\n			<td style=\"border-color:transparent; vertical-align:middle\">CUH-2218B series</td>\r\n		</tr>\r\n		<tr>\r\n			<td style=\"border-color:transparent; vertical-align:middle; width:114px\">Chi tiết CPU</td>\r\n			<td style=\"border-color:transparent; vertical-align:middle\">x86-64 AMD &quot;Jaguar&quot;, 8 nh&acirc;n</td>\r\n		</tr>\r\n		<tr>\r\n			<td style=\"border-color:transparent; vertical-align:middle; width:114px\">GPU</td>\r\n			<td style=\"border-color:transparent; vertical-align:middle\">1.84 TFLOPS, đồ họa nền tảng AMD Radeon</td>\r\n		</tr>\r\n		<tr>\r\n			<td style=\"border-color:transparent; vertical-align:middle; width:114px\">RAM</td>\r\n			<td style=\"border-color:transparent; vertical-align:middle\">GDDR5 8GB</td>\r\n		</tr>\r\n		<tr>\r\n			<td style=\"vertical-align:middle; width:114px\">Bộ nhớ trong</td>\r\n			<td style=\"border-color:transparent; vertical-align:middle\">1TB</td>\r\n		</tr>\r\n	</tbody>\r\n	<thead>\r\n		<tr>\r\n			<td colspan=\"2\" style=\"border-color:transparent; vertical-align:middle; width:518.2px\">KẾT NỐI DỮ LIỆU</td>\r\n		</tr>\r\n	</thead>\r\n	<tbody>\r\n		<tr>\r\n			<td style=\"border-color:transparent; vertical-align:middle; width:114px\">Ổ đĩa BD/DVD (chỉ đọc)</td>\r\n			<td style=\"border-color:transparent; vertical-align:middle\">BD x 6 CAV, DVD x 8 CAV</td>\r\n		</tr>\r\n		<tr>\r\n			<td style=\"border-color:transparent; vertical-align:middle; width:114px\">Đường v&agrave;o / ra</td>\r\n			<td style=\"border-color:transparent; vertical-align:middle\">Cổng USB tốc độ cao (USB 3.1 thế hệ 1) x 2, Cổng AUX x 1</td>\r\n		</tr>\r\n		<tr>\r\n			<td style=\"border-color:transparent; vertical-align:middle; width:114px\">Cổng ra AV</td>\r\n			<td style=\"border-color:transparent; vertical-align:middle\">HDMI out port (hỗ trợ 4K/HDR)</td>\r\n		</tr>\r\n		<tr>\r\n			<td style=\"vertical-align:middle; width:114px\">Kết nối mạng</td>\r\n			<td style=\"border-color:transparent; vertical-align:middle\">C&aacute;p mạng Ethernet (10BASE-T, 100BASE-TX, 1000BASE-T)x1 Wi-Fi IEEE 802.11 a/b/g/n/ac, Bluetooth&reg;v4.0</td>\r\n		</tr>\r\n	</tbody>\r\n	<thead>\r\n		<tr>\r\n			<td colspan=\"2\" style=\"border-color:transparent; vertical-align:middle; width:518.2px\">TH&Ocirc;NG SỐ VẬT L&Yacute;</td>\r\n		</tr>\r\n	</thead>\r\n	<tbody>\r\n		<tr>\r\n			<td style=\"border-color:transparent; vertical-align:middle; width:114px\">M&agrave;u sắc sản phẩm</td>\r\n			<td style=\"border-color:transparent; vertical-align:middle\">Jet Black</td>\r\n		</tr>\r\n		<tr>\r\n			<td style=\"border-color:transparent; vertical-align:middle; width:114px\">K&iacute;ch thước</td>\r\n			<td style=\"border-color:transparent; vertical-align:middle\">265 &times; 39 &times; 288 mm (rộng x d&agrave;i x cao)</td>\r\n		</tr>\r\n		<tr>\r\n			<td style=\"border-color:transparent; vertical-align:middle; width:114px\">Trọng lượng</td>\r\n			<td style=\"border-color:transparent; vertical-align:middle\">2.1 kg</td>\r\n		</tr>\r\n		<tr>\r\n			<td style=\"border-color:transparent; vertical-align:middle; width:114px\">Nguồn điện</td>\r\n			<td style=\"border-color:transparent; vertical-align:middle\">Xoay chiều, 100-240V, 50/60Hz</td>\r\n		</tr>\r\n		<tr>\r\n			<td style=\"border-color:transparent; vertical-align:middle; width:114px\">C&ocirc;ng suất ti&ecirc;u thụ</td>\r\n			<td style=\"border-color:transparent; vertical-align:middle\">Tối đa 165W</td>\r\n		</tr>\r\n		<tr>\r\n			<td style=\"vertical-align:middle; width:114px\">Nhiệt độ l&agrave;m việc</td>\r\n			<td style=\"border-color:transparent; vertical-align:middle\">5&ordm;C - 35&ordm;C</td>\r\n		</tr>\r\n	</tbody>\r\n</table>\r\n', 25, 0, 9480000, 22, '2022-04-02', 0),
(112, 'Anbernic Retro Game RG350M 2500 games + 32GB SD Card', '20220402145412anbernic-retro-game-rg350m-00-700x700.jpg', 'Đen', '<p>TH&Ocirc;NG SỐ KỸ THUẬT</p>\r\n\r\n<ul>\r\n	<li>Thương hiệu: Anbernic</li>\r\n	<li>Chứng nhận: CE</li>\r\n	<li>Hiển thị m&agrave;u: C&oacute;</li>\r\n	<li>K&iacute;ch thước m&agrave;n h&igrave;nh: 3.5-inch</li>\r\n	<li>M&agrave;n h&igrave;nh cảm ứng: Kh&ocirc;ng</li>\r\n	<li>Model Number: RG350M</li>\r\n	<li>ROM: 16G + SD Card 32GB</li>\r\n	<li>Pin: 2500MAH</li>\r\n	<li>CPU: 4770 dual 1.0 GHz</li>\r\n	<li>T&iacute;nh năng: Chơi game giả lập / nghe nhạc / xem video</li>\r\n	<li>Thẻ nhớ：32GB TF Card, c&agrave;i sẵn 2500 Game)</li>\r\n</ul>\r\n\r\n<p>TRỌN BỘ SẢN PHẨM</p>\r\n\r\n<ul>\r\n	<li>M&aacute;y chơi game Anbernic Retro Game RG350M</li>\r\n	<li>C&aacute;p sạc USB-C</li>\r\n	<li>S&aacute;ch hướng dẫn sử dụng</li>\r\n	<li>Thẻ nhớ 32GB ch&eacute;p sẵn game</li>\r\n</ul>\r\n', 20, 0, 2980000, 15, '2022-04-02', 0),
(113, 'Máy chơi game Retro Game RG300', '20220402145458retro-game-rg300-00-700x700.jpg', 'Trắng', '<p>TH&Ocirc;NG SỐ KỸ THUẬT</p>\r\n\r\n<ul>\r\n	<li>M&agrave;u sắc: Đen/X&aacute;m</li>\r\n	<li>K&iacute;ch Thước m&agrave;n h&igrave;nh: 3.0 inch IPS/960*480</li>\r\n	<li>CPU: Dual 528MHz</li>\r\n	<li>RAM: DDR2 128M</li>\r\n	<li>Bộ nhớ: 16GB</li>\r\n	<li>Chức năng: giả lập game Retro, s&aacute;ch điện tử/&acirc;m nhạc/Video</li>\r\n	<li>Nghe nhạc: hỗ trợ nhạc lossless/APE/MP3/WMA/DRM WMA /OGG/APE/FLAC/WAV/AAC (bao gồm cả AAC-LC/AAC &Ocirc;NG/AAC + V1/V2) v&agrave; c&aacute;c đầy đủ định dạng &acirc;m thanh.</li>\r\n	<li>Tr&ograve; chơi: Hỗ trợ PS1, CPS1, CPS2, FBA, NEOGEO, NEOGEO POCKET, GBA, GBC, GB, SFC, FC, MD, SMS, GG, Handy, MSX, PCE, WSC, POKE MINI,... hoặc tải th&ecirc;m game kh&aacute;c.</li>\r\n	<li>Ng&ocirc;n ngữ: Tiếng Anh</li>\r\n	<li>E-book: Hỗ trợ PDF,TXT ,RTF, DOC, HTML</li>\r\n	<li>Pin: Pin rời dung lượng 1800 MAh, k&eacute;o d&agrave;i 6 giờ</li>\r\n	<li>Thẻ TF: Hỗ trợ thẻ TF tối đa 32GB</li>\r\n	<li>Chức năng kh&aacute;c: N&uacute;t Omron L R. Hỗ Trợ &acirc;m thanh stereo 3.5mm tai nghe.</li>\r\n	<li>Phụ kiện: C&aacute;p USB, c&aacute;p AV, giftbox, s&aacute;ch hướng dẫn sử dụng</li>\r\n</ul>\r\n', 25, 0, 1780000, 15, '2022-04-02', 0),
(114, 'Super Mini SN-02 821 in 1', '20220402150105super-mini-sn-02-821-in-1-00-700x700.jpg', 'Trắng', '<p>TRỌN BỘ SẢN PHẨM</p>\r\n\r\n<ul>\r\n	<li>1 x Game console</li>\r\n	<li>1 x Power adapter</li>\r\n	<li>2 x Controllers</li>\r\n	<li>1 x HDMI cable (1 meter)</li>\r\n	<li>1 x Plug converter</li>\r\n	<li>1 x Package</li>\r\n	<li>Nguồn điện: 110V &ndash; 220 V</li>\r\n</ul>\r\n\r\n<p>DANH S&Aacute;CH C&Aacute;C GAME ĐƯỢC T&Iacute;CH HỢP SẴN</p>\r\n\r\n<p><img alt=\"Super Mini SN-02 821 in 1\" src=\"https://game.haloshop.vn/image/data/products/may-game/others/super-mini-sn-02-821-in-1-24.jpg\" style=\"align-self:flex-start; border:0px; box-sizing:border-box; cursor:pointer; display:block; font-family:nunito sans; font-size:15px; height:auto; margin:0px auto 25px; max-width:100%; vertical-align:middle\" /><img alt=\"Super Mini SN-02 821 in 1\" src=\"https://game.haloshop.vn/image/data/products/may-game/others/super-mini-sn-02-821-in-1-25.jpg\" style=\"align-self:flex-start; border:0px; box-sizing:border-box; cursor:pointer; display:block; font-family:nunito sans; font-size:15px; height:auto; margin:0px auto 25px; max-width:100%; vertical-align:middle\" /><img alt=\"Mini Retro Game 3000 in 1\" src=\"https://game.haloshop.vn/image/data/products/may-game/others/super-mini-sn-02-821-in-1-26.jpg\" style=\"align-self:flex-start; border:0px; box-sizing:border-box; cursor:pointer; display:block; font-family:nunito sans; font-size:15px; height:auto; margin:0px auto 25px; max-width:100%; vertical-align:middle\" /><img alt=\"Super Mini SN-02 821 in 1\" src=\"https://game.haloshop.vn/image/data/products/may-game/others/super-mini-sn-02-821-in-1-27.jpg\" style=\"align-self:flex-start; border:0px; box-sizing:border-box; cursor:pointer; display:block; font-family:nunito sans; font-size:15px; height:auto; margin:0px auto 25px; max-width:100%; vertical-align:middle\" /></p>\r\n', 25, 0, 980000, 15, '2022-04-02', 0),
(115, 'Retro Arcade 3000 in 1', '20220402150210retro-arcade-3000-in-1-00-700x700.jpg', 'Đen', '<p>TRỌN BỘ SẢN PHẨM BAO GỒM</p>\r\n\r\n<p><img alt=\"Mini Retro Game 3000 in 1\" src=\"https://game.haloshop.vn/image/data/products/may-game/others/retro-arcade-3000-in-1-23.jpg\" style=\"align-self:flex-start; border:0px; box-sizing:border-box; cursor:pointer; display:block; height:auto; margin:0px auto 25px; max-width:100%; vertical-align:middle\" /></p>\r\n\r\n<ul>\r\n	<li>1 x Game Console</li>\r\n	<li>2 x USB Joystick</li>\r\n	<li>1 x AV Cable</li>\r\n	<li>1 x Rechargeable battery</li>\r\n	<li>1 x User manual</li>\r\n</ul>\r\n\r\n<p>TH&Ocirc;NG SỐ KỸ THUẬT</p>\r\n\r\n<ul>\r\n	<li>Color: Black</li>\r\n	<li>Screen: 4.3 Inch Full View TFT Screen（480&times;272)</li>\r\n	<li>Size : 12x 8 x 7.5 cm</li>\r\n	<li>Weight : 0.55KG</li>\r\n	<li>CPU: Dual 528MHz</li>\r\n	<li>RAM: DDR2 128M</li>\r\n	<li>Games : C&agrave;i sẵn 3000 classic games , bao gồm Arcade retro games, Logic &amp; math, Sports, Puzzle, Arcade, Shooting, Action, Racing, Fighting games, Strategy, Adventure, Card games,...</li>\r\n	<li>Game format : Hỗ trợ Arcade / CP1 / CP2 / GBA / GBC / GB / SFC / SEGA / NES games format , c&oacute; thể c&agrave;i th&ecirc;m game th&ocirc;ng qua TF card</li>\r\n	<li>Languages: English , v&agrave; 26 ng&ocirc;n ngữ kh&aacute;c</li>\r\n	<li>Battery: 2200 MAh lithium-ion rechargeable battery , 4~5 giờ chơi</li>\r\n	<li>TV-Out : Support TV Output , you play and enjoy game on TV</li>\r\n</ul>\r\n', 30, 0, 1630000, 15, '2022-04-02', 0),
(116, 'Nintendo Wii White USED', '20220402150259wii-white-2nd-00-700x700.jpg', 'Trắng', '<h1>Nintendo Wii - &Ocirc;ng tổ ng&agrave;nh game vận động</h1>\r\n\r\n<p>M&aacute;y Nintendo Wii được xem l&agrave; t&ecirc;n tuổi h&agrave;ng đầu trong thị trường Gaming Console với h&agrave;ng loạt m&aacute;y game đ&igrave;nh đ&aacute;m gắn liền với tuổi thơ của rất nhiều game thủ. V&agrave; chiếc m&aacute;y&nbsp;<a href=\"https://game.haloshop.vn/nintendo/nintendo-wii\" style=\"box-sizing: border-box; background-color: transparent; color: rgb(20, 102, 120); text-decoration-line: none; touch-action: manipulation; display: inline-block; user-select: auto;\">Nintendo Wii</a>&nbsp;l&agrave; một trong những chiếc m&aacute;y c&oacute; doanh số b&aacute;n chạy h&agrave;ng đầu thế giới. được tạo ra để hướng đến nhiều thế hệ người chơi hơn như người lớn tuổi, c&aacute;c trẻ em nhỏ hoặc l&agrave; c&aacute;c th&agrave;nh vi&ecirc;n kh&aacute;c trong gia đ&igrave;nh&hellip; N&oacute;i t&oacute;m lại Wii l&agrave; d&ograve;ng m&aacute;y game mang t&iacute;nh kết nối cao.</p>\r\n\r\n<p>Với thiết kế nhỏ gọn v&agrave; đơn giản, ch&uacute;ng ta c&oacute; thể dễ d&agrave;ng mang đến nhiều nơi như l&agrave; nh&agrave; của người th&acirc;n, bạn b&egrave; hay l&agrave; đồng nghiệp chẳng hạn để c&oacute; được th&ecirc;m một hoạt động vui chơi giải tr&iacute; trong c&aacute;c buổi gặp mặt.</p>\r\n\r\n<p>C&ugrave;ng với kho game phong ph&uacute; v&agrave; đa dạng như l&agrave; Mario, Fatal Frame, Just Dance hay rất nhiều tựa game kh&aacute;c th&igrave; bạn sẽ kh&ocirc;ng cảm thấy nh&agrave;m ch&aacute;n ch&uacute;t n&agrave;o khi trải nghiệm tr&ecirc;n Wii.</p>\r\n\r\n<p><strong><em>Xem th&ecirc;m nhiều video đặc sắc hơn tại&nbsp;<a href=\"https://www.youtube.com/user/haloshop82?sub_confirmation=1\" style=\"box-sizing: border-box; background-color: transparent; color: rgb(20, 102, 120); text-decoration-line: none; touch-action: manipulation; display: inline-block;\" target=\"_blank\">HALO Youtube Channel</a></em></strong></p>\r\n\r\n<h3>ƯU Đ&Atilde;I TẶNG K&Egrave;M 688 GAME CỰC ĐỈNH:</h3>\r\n\r\n<ul>\r\n	<li>Wii Sports</li>\r\n	<li>Wii Sports resort</li>\r\n	<li>Wii Play</li>\r\n	<li>EA Sports Active</li>\r\n	<li>Just Dance 4</li>\r\n	<li>Mario &amp; Sonic at the Olympic Games</li>\r\n	<li>V&agrave; h&agrave;ng trăm game NES cực Hot</li>\r\n</ul>\r\n\r\n<p><img alt=\"List game Nintendo Wii\" src=\"https://game.haloshop.vn/image/catalog/products/may-game/nintendo/nintendo-wii-van-dong-41.jpg\" style=\"align-self:flex-start; border:0px; box-sizing:border-box; cursor:pointer; display:block; height:auto; margin:0px auto 25px; max-width:100%; user-select:auto; vertical-align:middle; width:500px\" /></p>\r\n\r\n<h3>TRỌN BỘ SẢN PHẨM BAO GỒM:</h3>\r\n\r\n<ul>\r\n	<li>M&aacute;y Nintendo Wii</li>\r\n	<li>1 Remote + 1 Nunchuck</li>\r\n	<li>1 Sensor</li>\r\n	<li>1 Adapter AC</li>\r\n	<li>1 HDMI adapter</li>\r\n	<li>1 c&aacute;p HDMI</li>\r\n	<li>1 USB 32GB chứa danh s&aacute;ch Game tặng k&egrave;m</li>\r\n</ul>\r\n\r\n<p><img alt=\"Nintendo Wii White USED\" src=\"https://game.haloshop.vn/image/catalog/products/may-game/may-cu/70867-3.JPG\" style=\"align-self:flex-start; border:0px; box-sizing:border-box; cursor:pointer; display:block; height:auto; margin:0px auto 25px; max-width:100%; user-select:auto; vertical-align:middle\" /></p>\r\n', 15, 0, 3400000, 15, '2022-04-02', 0),
(117, 'CHUỘT DAREU VICTOR EM908', '2022040215045053ae7293322f49a4a6413be68e07727c_bfef9e1b62794dc1b397fa81341593d8.webp', 'Đen', '', 30, 0, 390000, 11, '2022-04-02', 0),
(118, 'CHUỘT LOGITECH G102 GEN2 LIGHTSYNC', '20220402150522chuot-logitech-g102-gen2_45fc23fbee734f9fa512b5fb55873ec2.jpg', 'Đen', '', 30, 0, 495000, 11, '2022-04-02', 0),
(119, 'CHUỘT LOGITECH G PRO X SUPERLIGHT WIRELESS', '20220402150549g-pro-x-superlight-wireless-black-666_83650815ce2e486f9108dbbb17c29159_84acb976299b41d9876680198574fc77.webp', 'Đen', '', 20, 0, 3350000, 11, '2022-04-02', 0),
(120, 'CHUỘT LOGITECH G502 HERO', '20220402150612logitech_souris_gamer_rvb_g502_proteus_spectrum_d1bc223f775c408d8ef271a4e5b354e4.webp', 'Đen', '', 25, 10, 1780000, 11, '2022-04-02', 0),
(121, 'BÀN PHÍM DAREU EK87 Đen', '202204021506584e1f53cc30634c77bfe9a2bf3926388f_398309574ee3444c8cd2bb896541c122.webp', 'Đen', '', 30, 0, 570000, 12, '2022-04-02', 0),
(122, 'BÀN PHÍM DAREU EK87 Trắng', '2022040215072158378_ban_phim_co_dareu_ek87_white_usb_led_xanh_red_sw_fa4596cb6b6e4c9c82b90c0aad69ec4e.webp', 'Trắng', '', 30, 0, 570000, 12, '2022-04-02', 0),
(123, 'BÀN PHÍM GAMING DAREU EK1280S', '20220402150747dareu-ek1280s-o_d73c16fbd03147748ab2a23e35005fb7.webp', 'Đen', '', 30, 0, 720000, 12, '2022-04-02', 0),
(124, 'BÀN PHÍM MÁY TÍNH DARE-U CK525', '20220402150820gearvn_dare_u_ck525_rgb_1_6cba1268673445b6b18330eb9a51023c.webp', 'Đen', '', 30, 0, 765000, 12, '2022-04-02', 0),
(125, 'BÀN PHÍM CƠ DAREU EK880 TKL RGB - RED SWITCH', '20220402150848b7da2abd1aad4d7e87e76f97e6a8ed7b_1b02234f81e5443db7d437cdaa698930.jpg', 'Đen', '', 30, 0, 790000, 12, '2022-04-02', 0),
(126, 'BÀN PHÍM MÁY TÍNH DARE-U DK1280', '2022040215091932792_dk1280_4a8d6a70ef6a4f83a6f7db5ff33b4585.jpg', 'Đen', '', 25, 0, 1075000, 12, '2022-04-02', 0),
(127, 'BÀN PHÍM MÁY TÍNH RAZER BLACK WIDOW CHROMA V2', '20220402150945razerblackwidowchromav2_ba55f31f0c334714aea1f5346ff28524.jpg', 'Đen', '', 25, 0, 3500000, 12, '2022-04-02', 0),
(128, 'TAI NGHE DARE-U VH350S', '202204021510161v22_78b66bf725604b269f50cdd066a87832.webp', 'Đen', '', 30, 0, 575000, 13, '2022-04-02', 0),
(129, 'TAI NGHE DAREU EH722S QUEEN PINK 7.1', '20220402151038210a164239247f33fb5094322db5eeee_a88ff62f47c44db0a1d915a2ef419971.webp', 'Hồng', '', 30, 0, 650000, 13, '2022-04-02', 0),
(130, 'TAI NGHE DARE-U EH722X', '2022040215110136161bc86d288876d139_b30908396fe241fea8cde3bbd810dfd4.webp', 'Đen', '', 30, 0, 650000, 13, '2022-04-02', 0),
(131, 'TAI NGHE DAREU EH925S 7.1 RGB', '20220402151124171d92193ce84504aa4da08c7450b84d_230377a20fbd4433ab7f9ffdd818bde0.webp', 'Đen', '', 25, 0, 820000, 13, '2022-04-02', 0),
(132, 'SẠC 3 CỔNG USB TITAN', '20220402151232sac_3_cong_titan_a8230491802b4de59567c3926430d1c7.webp', 'Trắng', '', 40, 0, 320000, 16, '2022-04-02', 0),
(133, 'GIÁ ĐỠ LAPTOP VÔ HÌNH MOCATO STAND M306 Đen', '202204021513001_4d7b4022c47e43a29791830d7d6c4f14.webp', 'Đen', '', 25, 0, 350000, 16, '2022-04-02', 0),
(134, 'GIÁ ĐỠ LAPTOP VÔ HÌNH MOCATO STAND M306 Xanh', '202204021513262_e3a9855cdc0544298dd750f0492e53c4.webp', 'Xám', '', 25, 0, 350000, 16, '2022-04-02', 0),
(135, 'MIẾNG LÓT CHUỘT ZADEZ', '20220402151358mieng_lot_chuot_zadez_bb6fc8030dbe435e859379fef014f2b0.webp', 'Đen', '', 50, 0, 30000, 16, '2022-04-02', 0),
(136, 'CÁP SẠC 3 TRONG 1 TOTU FRUITFUL SERIES: LIGHTNING - USB TYPE C - MICRO USB - DÀI 1.5M', '20220402151455upload_9dc9503e534b4ebb8a39f8599c3de108_large_1cd168a30f1448e2bddbc0db37fd9b69.webp', 'Đen', '', 30, 0, 160000, 16, '2022-04-02', 0);

-- --------------------------------------------------------

--
-- Table structure for table `tintuc`
--

CREATE TABLE IF NOT EXISTS `tintuc` (
  `matt` int(11) NOT NULL AUTO_INCREMENT,
  `tieude` varchar(255) NOT NULL,
  `ndngan` text NOT NULL,
  `noidung` text NOT NULL,
  `hinhanh` varchar(255) NOT NULL,
  `ngaydangtin` date NOT NULL,
  `tacgia` varchar(50) NOT NULL,
  `trangthai` int(11) NOT NULL,
  PRIMARY KEY (`matt`)
) ENGINE=InnoDB  DEFAULT CHARSET=utf8 AUTO_INCREMENT=8 ;

--
-- Dumping data for table `tintuc`
--

INSERT INTO `tintuc` (`matt`, `tieude`, `ndngan`, `noidung`, `hinhanh`, `ngaydangtin`, `tacgia`, `trangthai`) VALUES
(8, 'Tất tần tật mọi thông tin về PS5 mà bạn cần biết', ' Các hướng dẫn sử dụng PS5 cho người mới Các hướng dẫn thiết lập ban đầuHướng dẫn và lưu ý trước khi mua PS5 bạn cần biết Hướng dẫn thiết lập cơ bản trong lần đầu khởi động PS5 và khám phá ..', '<h3>V&Igrave; SAO N&Ecirc;N MUA PS5?</h3>\r\n\r\n<p><strong>PlayStation 5 hay gọi tắt l&agrave; PS5</strong>&nbsp;l&agrave; sản phẩm m&aacute;y chơi game mới nhất của thương hiệu Sony PlayStation đ&atilde; ra mắt v&agrave; ch&iacute;nh thức b&aacute;n ra v&agrave;o cuối năm 2020. Si&ecirc;u phẩm m&aacute;y chơi game nh&agrave; Sony được t&iacute;ch hợp những c&ocirc;ng nghệ chơi game ti&ecirc;n tiến nhất hiện nay như&nbsp;<strong>chơi game độ ph&acirc;n giải 4K HDR, c&ocirc;ng nghệ ray-tracing, &acirc;m thanh 3D Audio...</strong>&nbsp;N&ecirc;n nếu bạn đang t&igrave;m một cỗ m&aacute;y để chơi game đỉnh cao nhất m&agrave; kh&ocirc;ng phải bỏ ra qu&aacute; nhiều tiền để lắp PC th&igrave; PS5 l&agrave; một lựa chọn ho&agrave;n hảo.</p>\r\n\r\n<p><img alt=\"Tất tần tật mọi thông tin về PS5 mà bạn cần biết\" src=\"https://haloshop.vn/image/catalog/blogs/ps5-tu-a-den-z/ps5-4.jpg\" style=\"align-self:flex-start; border:0px; box-sizing:border-box; cursor:pointer; display:block; font-family:nunito sans; font-size:15px; height:auto; margin:15px auto !important; max-width:100%; vertical-align:middle\" /></p>\r\n\r\n<h3>PS5 HƠN G&Igrave; SO VỚI PS4 HAY NHỮNG CONSOLE KH&Aacute;C?</h3>\r\n\r\n<p>Với những c&ocirc;ng nghệ ti&ecirc;n tiến nhất của ng&agrave;nh game như:</p>\r\n\r\n<ul>\r\n	<li>Khả năng chơi game ở&nbsp;<strong>độ ph&acirc;n giải 4K si&ecirc;u n&eacute;t</strong></li>\r\n	<li>Tốc độ khung h&igrave;nh hỗ trợ tối đa&nbsp;<strong>120fps</strong>&nbsp;si&ecirc;u mượt</li>\r\n	<li>C&ocirc;ng nghệ h&igrave;nh ảnh&nbsp;<strong>HDR</strong>&nbsp;ph&acirc;n biệt r&otilde; v&ugrave;ng s&aacute;ng tối</li>\r\n	<li>Hỗ trợ xuất&nbsp;<strong>nội dung 8K</strong>&nbsp;với chuẩn HDMI 2.1</li>\r\n	<li>Ổ cứng&nbsp;<strong>SSD tốc độ si&ecirc;u nhanh</strong>&nbsp;kết hợp c&ugrave;ng ổ đĩa Blu-ray 4K (bản Standard)</li>\r\n	<li>C&ocirc;ng nghệ&nbsp;<strong>Tempest 3D Audio</strong>&nbsp;gi&uacute;p thưởng thức &acirc;m thanh trong game từ mọi hướng v&agrave; chi tiết hơn</li>\r\n	<li><strong>Tay cầm DualSense</strong>&nbsp;cải tiến vượt bậc, trải nghiệm game ch&acirc;n thực hơn</li>\r\n</ul>\r\n\r\n<p><img alt=\"Tất tần tật mọi thông tin về PS5 mà bạn cần biết\" src=\"https://haloshop.vn/image/catalog/blogs/ps5-tu-a-den-z/ps5-3.jpg\" style=\"align-self:flex-start; border:0px; box-sizing:border-box; cursor:pointer; display:block; font-family:nunito sans; font-size:15px; height:auto; margin:15px auto !important; max-width:100%; vertical-align:middle\" /></p>\r\n\r\n<p><a href=\"https://haloshop.vn/sony-playstation/ps5/may-ps5\" style=\"box-sizing: border-box; background-color: transparent; color: rgb(20, 102, 120); text-decoration-line: none; touch-action: manipulation; display: inline-block; font-weight: 600;\">PlayStation 5</a>&nbsp;chắc chắn sẽ khiến mọi game thủ h&agrave;i l&ograve;ng với trải nghiệm chơi game. So với&nbsp;<a href=\"https://haloshop.vn/microsoft-xbox/xbox-series-x-series-s/may-xbox-series-x-s\" style=\"box-sizing: border-box; background-color: transparent; color: rgb(20, 102, 120); text-decoration-line: none; touch-action: manipulation; display: inline-block; font-weight: 600;\">Xbox Series X</a>, đối thủ xứng tầm hiện nay th&igrave; thậm ch&iacute; PS5 vẫn c&oacute; lợi điểm hơn ch&iacute;nh l&agrave; kho game độc quyền v&ocirc; c&ugrave;ng đặc sắc v&agrave; phong ph&uacute; với những tượng đ&agrave;i m&agrave; game thủ kh&ocirc;ng thể kh&ocirc;ng chơi như:&nbsp;<strong>God of War, Marvel&#39;s Spider-Man, The Last of Us, Demon&#39;s Souls, Horizon Forbidden West...</strong></p>\r\n\r\n<p>C&ograve;n nếu so với&nbsp;<a href=\"https://haloshop.vn/nintendo/nintendo-switch/may-nintendo-switch\" style=\"box-sizing: border-box; background-color: transparent; color: rgb(20, 102, 120); text-decoration-line: none; touch-action: manipulation; display: inline-block; font-weight: 600;\">Nintendo Switch</a>, tuy kh&ocirc;ng mang t&iacute;nh di động cao như sản phẩm của nh&agrave; Nintendo, nhưng PS5 sẽ mang lại trải nghiệm game ho&agrave;n hảo nhất trong kh&ocirc;ng gian nh&agrave; bạn.</p>\r\n\r\n<h3>PS5 C&Oacute; NHỮNG PHI&Ecirc;N BẢN N&Agrave;O?</h3>\r\n\r\n<p><a href=\"https://haloshop.vn/sony-playstation/ps5/may-ps5\" style=\"box-sizing: border-box; background-color: transparent; color: rgb(20, 102, 120); text-decoration-line: none; touch-action: manipulation; display: inline-block; font-weight: 600;\">PlayStation 5</a>&nbsp;hiện c&oacute;&nbsp;<strong>hai phi&ecirc;n bản l&agrave; Standard v&agrave; Digital</strong>. Ở phi&ecirc;n bản Standard, m&aacute;y sẽ c&oacute;&nbsp;<strong>ổ đĩa quang Blu-Ray 4K</strong>&nbsp;để đọc đĩa game vật l&yacute; cũng như những đĩa Blu-Ray nội dung kh&aacute;c như phim ảnh. Ưu điểm l&agrave; bạn c&oacute; thể sưu tầm đĩa vật l&yacute;, kh&ocirc;ng tốn kh&ocirc;ng gian lưu trữ ổ cứng SSD trong m&aacute;y v&agrave; kh&ocirc;ng phải chờ tải dữ liệu game qu&aacute; l&acirc;u v&igrave; phần lớn dữ liệu game đ&atilde; được lưu tr&ecirc;n chiếc đĩa Blu-Ray n&agrave;y.</p>\r\n\r\n<p>&nbsp;</p>\r\n\r\n<p>C&ograve;n với phi&ecirc;n bản Digital, bạn chỉ c&oacute; thể mua game th&ocirc;ng qua kho ứng dụng PlayStation Store, tức l&agrave; bản Digital m&agrave; th&ocirc;i, sẽ c&oacute; ổ đĩa Blu-Ray trong m&aacute;y. Ưu điểm l&agrave; m&aacute;y tr&ocirc;ng h&agrave;i h&ograve;a v&agrave; gọn nhẹ hơn, kh&ocirc;ng cần kh&ocirc;ng gian lưu trữ đĩa v&agrave; kh&ocirc;ng bị hư hao trong qu&aacute; tr&igrave;nh lưu trữ ấy.</p>\r\n\r\n<p><strong>Chi tiết hơn mời bạn xem b&agrave;i viết:&nbsp;<a href=\"https://haloshop.vn/tin-tuc/tin-moi-nhat-ve-ps5/so-sanh-ps5-standard-va-ps5-digital-uu-va-khuyet-diem\" style=\"box-sizing: border-box; background-color: transparent; color: rgb(20, 102, 120); text-decoration-line: none; touch-action: manipulation; display: inline-block;\">So s&aacute;nh PS5 Standard v&agrave; PS5 Digital: Ưu v&agrave; khuyết điểm</a></strong></p>\r\n\r\n<p><img alt=\"Tất tần tật mọi thông tin về PS5 mà bạn cần biết\" src=\"https://haloshop.vn/image/catalog/blogs/ps5-tu-a-den-z/ps5-2.jpg\" style=\"align-self:flex-start; border:0px; box-sizing:border-box; cursor:pointer; display:block; font-family:nunito sans; font-size:15px; height:auto; margin:15px auto !important; max-width:100%; vertical-align:middle\" /></p>\r\n\r\n<p>Ngo&agrave;i ra&nbsp;<a href=\"https://haloshop.vn/sony-playstation/ps5/may-ps5\" style=\"box-sizing: border-box; background-color: transparent; color: rgb(20, 102, 120); text-decoration-line: none; touch-action: manipulation; display: inline-block; font-weight: 600;\">PS5</a>&nbsp;c&ograve;n c&oacute; ph&acirc;n v&ugrave;ng kh&aacute;c nhau nhưng điều n&agrave;y kh&ocirc;ng ảnh hưởng g&igrave; khi chơi game, hệ ph&acirc;n v&ugrave;ng chỉ để ch&uacute;ng ta ph&acirc;n biệt xuất xứ m&aacute;y m&agrave; th&ocirc;i. C&aacute;c phi&ecirc;n bản m&aacute;y US, JP, HK vẫn được bảo h&agrave;nh 12 th&aacute;ng tại HALO, c&ugrave;ng với đ&oacute; l&agrave; phi&ecirc;n bản ch&iacute;nh h&atilde;ng VN sẽ được bảo h&agrave;nh bởi Sony ch&iacute;nh h&atilde;ng tại Việt Nam.</p>\r\n\r\n<h3>C&Aacute;C CỔNG KẾT NỐI TR&Ecirc;N M&Aacute;Y PS5</h3>\r\n\r\n<p><img alt=\"Tất tần tật mọi thông tin về PS5 mà bạn cần biết\" src=\"https://haloshop.vn/image/catalog/blogs/ps5-tu-a-den-z/ps5-5.jpg\" style=\"align-self:flex-start; border:0px; box-sizing:border-box; cursor:pointer; display:block; font-family:nunito sans; font-size:15px; height:auto; margin:15px auto !important; max-width:100%; vertical-align:middle\" /></p>\r\n\r\n<h3>TRỌN BỘ M&Aacute;Y SẼ C&Oacute; NHỮNG G&Igrave;?</h3>\r\n\r\n<p>Trọn bộ m&aacute;y chơi game PS5 sẽ bao gồm:</p>\r\n\r\n<ul>\r\n	<li><strong>M&aacute;y PS5 Standard/Digital Edition</strong></li>\r\n	<li>Tay cầm DualSense</li>\r\n	<li>D&acirc;y USB-C</li>\r\n	<li>C&aacute;p HDMI</li>\r\n	<li>D&acirc;y nguồn</li>\r\n	<li>Ch&acirc;n đế</li>\r\n	<li>S&aacute;ch hướng dẫn</li>\r\n</ul>\r\n\r\n<p><img alt=\"Tất tần tật mọi thông tin về PS5 mà bạn cần biết\" src=\"https://haloshop.vn/image/catalog/blogs/ps5-tu-a-den-z/ps5-tron-bo.jpg\" style=\"align-self:flex-start; border:0px; box-sizing:border-box; cursor:pointer; display:block; font-family:nunito sans; font-size:15px; height:auto; margin:15px auto !important; max-width:100%; vertical-align:middle\" /></p>\r\n\r\n<p><strong>HALO SHOP l&agrave; cửa h&agrave;ng đầu ti&ecirc;n mang si&ecirc;u phẩm PS5 về Việt Nam</strong>. C&ugrave;ng xem video đập hộp b&ecirc;n dưới:</p>\r\n\r\n<p><strong>Xem th&ecirc;m:&nbsp;<a href=\"https://haloshop.vn/tin-tuc/kham-pha-chi-tiet-ben-trong-ps5-de-thao-lap-he-thong-tan-nhiet-chiem-2-3-dien-tich\" style=\"box-sizing: border-box; background-color: transparent; color: rgb(20, 102, 120); text-decoration-line: none; touch-action: manipulation; display: inline-block;\">Kh&aacute;m ph&aacute; chi tiết b&ecirc;n trong PS5: Dễ th&aacute;o lắp, hệ thống tản nhiệt chiếm 2/3 diện t&iacute;ch</a></strong></p>\r\n\r\n<h3>CHỌN CHƠI GAME N&Agrave;O TR&Ecirc;N PS5?</h3>\r\n\r\n<p>Một chiếc m&aacute;y chơi game phần cứng khủng như&nbsp;<a href=\"https://haloshop.vn/sony-playstation/ps5/may-ps5\" style=\"box-sizing: border-box; background-color: transparent; color: rgb(20, 102, 120); text-decoration-line: none; touch-action: manipulation; display: inline-block; font-weight: 600;\">PS5</a>&nbsp;th&igrave; kh&ocirc;ng thể thiếu kho game bom tấn đi k&egrave;m để ph&aacute;t huy hết sức mạnh cũng như mang lại trải nghiệm tuyệt vời nhất cho game thủ. V&agrave; tuy sở th&iacute;ch chơi game mỗi người l&agrave; kh&aacute;c nhau nhưng nếu đ&atilde; sở hữu&nbsp;<a href=\"https://haloshop.vn/sony-playstation/ps5/may-ps5\" style=\"box-sizing: border-box; background-color: transparent; color: rgb(20, 102, 120); text-decoration-line: none; touch-action: manipulation; display: inline-block; font-weight: 600;\">PS5</a>&nbsp;th&igrave; bạn kh&ocirc;ng n&ecirc;n bỏ qua những bom tấn AAA hiện đ&atilde; ph&aacute;t h&agrave;nh n&agrave;y:</p>\r\n\r\n<p>B&ecirc;n cạnh đ&oacute; l&agrave;&nbsp;<strong>kho game PS5 đặc sắc được cập nhật hằng ng&agrave;y, lu&ocirc;n sẵn h&agrave;ng tại HALO</strong>:&nbsp;<a href=\"https://haloshop.vn/sony-playstation/ps5/game-ps5\" style=\"box-sizing: border-box; background-color: transparent; color: rgb(20, 102, 120); text-decoration-line: none; touch-action: manipulation; display: inline-block; font-weight: 600;\">Xem tại đ&acirc;y</a></p>\r\n\r\n<p>V&agrave; sau c&ugrave;ng l&agrave; kh&aacute;c với những hệ m&aacute;y console kh&aacute;c, mỗi chiếc PS5 khi b&aacute;n ra sẽ được tặng k&egrave;m game&nbsp;<a href=\"https://haloshop.vn/tin-tuc/tin-moi-nhat-ve-ps5/chi-tiet-ve-astros-playrrom-tua-game-doc-quyen-duoc-tang-kem-khi-mua-ps5\" style=\"box-sizing: border-box; background-color: transparent; color: rgb(20, 102, 120); text-decoration-line: none; touch-action: manipulation; display: inline-block; font-weight: 600;\">Astro&#39;s Playroom</a>. Một tựa game độc đ&aacute;o v&agrave; thực sự chất lượng m&agrave; Sony gửi gắm đến game thủ. Qua tựa game n&agrave;y bạn sẽ kh&aacute;m ph&aacute; hết những t&iacute;nh năng cũng như những đặc điểm ưu việt m&agrave; cỗ m&aacute;y chơi game n&agrave;y mang lại.</p>\r\n\r\n<p><strong>Xem b&agrave;i đ&aacute;nh gi&aacute; game Astro&#39;s Playroom ngay&nbsp;<a href=\"https://haloshop.vn/tin-tuc/tin-moi-nhat-ve-ps5/chi-tiet-ve-astros-playrrom-tua-game-doc-quyen-duoc-tang-kem-khi-mua-ps5\" style=\"box-sizing: border-box; background-color: transparent; color: rgb(20, 102, 120); text-decoration-line: none; touch-action: manipulation; display: inline-block;\">tại đ&acirc;y</a>.</strong></p>\r\n\r\n<p><img alt=\"Tất tần tật mọi thông tin về PS5 mà bạn cần biết\" src=\"https://haloshop.vn/image/catalog/blogs/ps5-tu-a-den-z/astro-playroom.jpg\" style=\"align-self:flex-start; border:0px; box-sizing:border-box; cursor:pointer; display:block; font-family:nunito sans; font-size:15px; height:auto; margin:15px auto !important; max-width:100%; vertical-align:middle\" /></p>\r\n\r\n<h3>MUA TV N&Agrave;O ĐỂ CHƠI VỚI PS5?</h3>\r\n\r\n<p><a href=\"https://haloshop.vn/sony-playstation/ps5/may-ps5\" style=\"box-sizing: border-box; background-color: transparent; color: rgb(20, 102, 120); text-decoration-line: none; touch-action: manipulation; display: inline-block; font-weight: 600;\">PS5</a>&nbsp;hỗ trợ xuất h&igrave;nh ảnh độ ph&acirc;n giải tối đa l&ecirc;n đến 8K, chơi game 4K 120fps c&ocirc;ng nghệ HDR,... vậy n&ecirc;n chọn mua TV n&agrave;o để mang lại trải nghiệm tốt nhất c&ugrave;ng PS5? C&ugrave;ng tham khảo b&agrave;i viết n&agrave;y:&nbsp;<a href=\"https://haloshop.vn/tin-tuc/tin-moi-nhat-ve-ps5/nen-chon-mau-tv-nhu-the-nao-de-choi-playstation-5\" style=\"box-sizing: border-box; background-color: transparent; color: rgb(20, 102, 120); text-decoration-line: none; touch-action: manipulation; display: inline-block; font-weight: 600;\">N&ecirc;n chọn mẫu TV như thế n&agrave;o để chơi Playstation 5?</a></p>\r\n\r\n<h3>NHỮNG T&Iacute;NH NĂNG HỮU &Iacute;CH TR&Ecirc;N PS5</h3>\r\n\r\n<p>Kh&ocirc;ng giống như PS4, PlayStation 5 c&oacute; khả năng&nbsp;<strong>tương th&iacute;ch ngược với 99% game PS4 tức hơn 4000 ngh&igrave;n tựa game hiện c&oacute;</strong>. Vậy n&ecirc;n nếu bạn n&acirc;ng cấp từ PS4 l&ecirc;n PS5 th&igrave; kh&ocirc;ng cần phải lăn tăn về bộ sưu tập game đang sở hữu, hơn nữa trải nghiệm ch&uacute;ng một lần nữa tr&ecirc;n&nbsp;<a href=\"https://haloshop.vn/sony-playstation/ps5/may-ps5\" style=\"box-sizing: border-box; background-color: transparent; color: rgb(20, 102, 120); text-decoration-line: none; touch-action: manipulation; display: inline-block; font-weight: 600;\">PS5</a>&nbsp;chắc hẳn sẽ th&uacute; vị hơn rất nhiều!</p>\r\n\r\n<p><strong>Tham khảo c&aacute;c vấn đề li&ecirc;n quan đến tương th&iacute;ch ngược tr&ecirc;n PS5&nbsp;<a href=\"https://haloshop.vn/tin-tuc/tin-moi-nhat-ve-ps5/tong-hop-thong-tin-ve-kha-nang-tuong-thich-nguoc-tren-ps5\" style=\"box-sizing: border-box; background-color: transparent; color: rgb(20, 102, 120); text-decoration-line: none; touch-action: manipulation; display: inline-block;\">tại đ&acirc;y</a>.</strong></p>\r\n\r\n<p>Ngo&agrave;i tương th&iacute;ch ngược th&igrave; PS5 cũng t&iacute;ch hợp rất nhiều t&iacute;nh năng hữu &iacute;ch kh&aacute;c m&agrave; kh&ocirc;ng phải ai cũng biết. B&agrave;i viết n&agrave;y sẽ bật m&iacute; cho bạn những t&iacute;nh năng ấy:&nbsp;<a href=\"https://haloshop.vn/tin-tuc/tin-moi-nhat-ve-ps5/8-tinh-nang-huu-dung-cua-playstation-5\" style=\"box-sizing: border-box; background-color: transparent; color: rgb(20, 102, 120); text-decoration-line: none; touch-action: manipulation; display: inline-block; font-weight: 600;\">8 t&iacute;nh năng hữu dụng của PlayStation 5</a></p>\r\n\r\n<p><img alt=\"Tất tần tật mọi thông tin về PS5 mà bạn cần biết\" src=\"https://haloshop.vn/image/catalog/blogs/ps5-tu-a-den-z/ps5-1.jpg\" style=\"align-self:flex-start; border:0px; box-sizing:border-box; cursor:pointer; display:block; font-family:nunito sans; font-size:15px; height:auto; margin:15px auto !important; max-width:100%; vertical-align:middle\" /></p>\r\n\r\n<h3>PS5 C&Oacute; NHỮNG PHỤ KIỆN N&Agrave;O N&Ecirc;N MUA?</h3>\r\n\r\n<p>Hiện tại, Sony đ&atilde; ph&aacute;t h&agrave;nh bộ phụ kiện m&agrave; bạn c&oacute; thể mua k&egrave;m m&aacute;y PS5 bao gồm:</p>\r\n\r\n<ul>\r\n	<li><strong><a href=\"https://haloshop.vn/sony-playstation/ps5/phu-kien-ps5/dualsense-wireless-game-controller\" style=\"box-sizing: border-box; background-color: transparent; color: rgb(20, 102, 120); text-decoration-line: none; touch-action: manipulation; display: inline-block;\">Tay cầm DualSense Wireless Controller</a></strong></li>\r\n	<li><a href=\"https://haloshop.vn/sony-playstation/ps5/phu-kien-ps5/pulse-3d-wireless-headset\" style=\"box-sizing: border-box; background-color: transparent; color: rgb(20, 102, 120); text-decoration-line: none; touch-action: manipulation; display: inline-block;\">Tai nghe Pulse 3D Wireless Headset</a></li>\r\n	<li><a href=\"https://haloshop.vn/sony-playstation/ps5/phu-kien-ps5/dualsense-charging-station\" style=\"box-sizing: border-box; background-color: transparent; color: rgb(20, 102, 120); text-decoration-line: none; touch-action: manipulation; display: inline-block;\">Bộ sạc tay DualSense Charging Station</a></li>\r\n	<li><a href=\"https://haloshop.vn/sony-playstation/ps5/phu-kien-ps5/ps5-hd-camera\" style=\"box-sizing: border-box; background-color: transparent; color: rgb(20, 102, 120); text-decoration-line: none; touch-action: manipulation; display: inline-block;\">PS5 HD Camera</a></li>\r\n	<li><a href=\"https://haloshop.vn/sony-playstation/ps5/phu-kien-ps5/ps5-media-remote\" style=\"box-sizing: border-box; background-color: transparent; color: rgb(20, 102, 120); text-decoration-line: none; touch-action: manipulation; display: inline-block;\">PS5 Media Remote</a></li>\r\n	<li><a href=\"https://haloshop.vn/sony-playstation/ps4/phu-kien-ps4/playstation-vr-headset-v2-chinh-hang\" style=\"box-sizing: border-box; background-color: transparent; color: rgb(20, 102, 120); text-decoration-line: none; touch-action: manipulation; display: inline-block;\">K&iacute;nh thực tế ảo PlayStation VR 2</a></li>\r\n	<li><a href=\"https://haloshop.vn/index.php?route=product/search&amp;search=logitech\" style=\"box-sizing: border-box; background-color: transparent; color: rgb(20, 102, 120); text-decoration-line: none; touch-action: manipulation; display: inline-block;\">V&ocirc; lăng cho game đua xe Logitech G29</a></li>\r\n</ul>\r\n\r\n<p>Tất cả bộ phụ kiện n&agrave;y sẽ l&agrave;m tăng trải nghiệm của bạn khi chơi game tr&ecirc;n&nbsp;<a href=\"https://haloshop.vn/sony-playstation/ps5/may-ps5\" style=\"box-sizing: border-box; background-color: transparent; color: rgb(20, 102, 120); text-decoration-line: none; touch-action: manipulation; display: inline-block; font-weight: 600;\">PS5</a>. Bạn c&oacute; thể nhấp v&agrave;o t&ecirc;n sản phẩm để tham khảo th&ecirc;m về t&iacute;nh năng cũng như đặt mua sản phẩm tại HALO.</p>\r\n\r\n<p>Trong bộ phụ kiện kể tr&ecirc;n, ưu việt nhất c&oacute; lẽ l&agrave;&nbsp;<strong>tay cầm DualSense</strong>. C&oacute; thể n&oacute;i đ&acirc;y l&agrave; thế hệ tay cầm được cải tiến to&agrave;n diện, hứa hẹn sẽ mang lại cho game thủ những trải nghiệm chưa từng c&oacute;. Vậy tay cầm DualSense c&oacute; g&igrave; Hot? Mời bạn xem ngay video sau đ&acirc;y:</p>\r\n', '20220402151843ps5-2.jpg', '2022-04-02', 'admin HALOSHOP', 1),
(9, 'Cách gửi yêu cầu hoàn lại tiền game Xbox digital - Refund game Xbox', 'Trong những trường hợp bạn lỡ thao tác mua nhầm game trên Xbox Store hoặc việc mua các tựa game không diễn ra như kế hoạch thì bạn có thể gửi yêu cầu hoàn tiền - trả sản phẩm đến Microsoft miễn là bạn..', '<p>Trong những trường hợp bạn lỡ thao t&aacute;c mua nhầm game tr&ecirc;n Xbox Store hoặc việc mua c&aacute;c tựa game kh&ocirc;ng diễn ra như kế hoạch th&igrave; bạn c&oacute; thể gửi y&ecirc;u cầu ho&agrave;n tiền - trả sản phẩm đến Microsoft miễn l&agrave; bạn thỏa c&aacute;c điều kiện của h&atilde;ng.&nbsp;<strong>B&agrave;i viết sau đ&acirc;y HaLo sẽ chỉ bạn c&aacute;ch gửi y&ecirc;u cầu ho&agrave;n tiền lại cho c&aacute;c tựa game Xbox Digital bạn đ&atilde; mua.</strong></p>\r\n\r\n<p>ĐIỀU KIỆN ĐỂ ĐƯỢC HO&Agrave;N TIỀN</p>\r\n\r\n<ul>\r\n	<li>Y&ecirc;u cầu ho&agrave;n tiền được thực hiện trong v&ograve;ng 14 ng&agrave;y - kể từ ng&agrave;y mua game.<br />\r\n	<em>V&iacute; dụ: Bạn mua game v&agrave;o ng&agrave;y 1/1. Y&ecirc;u cầu ho&agrave;n tiền gửi trước ng&agrave;y 15/1 l&agrave; hợp lệ, từ ng&agrave;y 15/1 trở về sau l&agrave;&nbsp;<strong>KH&Ocirc;NG</strong>&nbsp;hợp lệ.</em></li>\r\n	<li>Tựa game bạn y&ecirc;u cầu ho&agrave;n tiền phải c&oacute; &iacute;t hơn 2 giờ chơi.</li>\r\n</ul>\r\n\r\n<p>TRƯỜNG HỢP NGOẠI LỆ</p>\r\n\r\n<p>Ngo&agrave;i ra đối với c&aacute;c tựa game c&oacute; qu&aacute; nhiều lỗi khi chơi, bị sụt fps li&ecirc;n tục v&agrave; h&atilde;ng sản xuất cũng đ&atilde; đưa ra chương tr&igrave;nh ho&agrave;n tiền game th&igrave; dầu kh&ocirc;ng thỏa c&aacute;c điều kiện tr&ecirc;n nhưng bạn cũng c&oacute; thể nhận lại được tiền ho&agrave;n theo ch&iacute;nh s&aacute;ch của h&atilde;ng.</p>\r\n\r\n<p><img alt=\"Cách gửi yêu cầu hoàn lại tiền game Xbox digital - Refund game Xbox\" src=\"https://haloshop.vn/image/catalog/blogs/cach-yeu-cau-hoan-tien-game-da-mua-tren-xbox/cach-yeu-cau-hoan-tien-game-da-mua-tren-xbox-1.jpg\" style=\"align-self:flex-start; border:0px; box-sizing:border-box; cursor:pointer; display:block; font-family:nunito sans; font-size:15px; height:auto; margin:15px auto !important; max-width:100%; vertical-align:middle\" /></p>\r\n\r\n<p>C&Aacute;CH Y&Ecirc;U CẦU HO&Agrave;N TIỀN GAME XBOX</p>\r\n\r\n<p><strong>C&aacute;ch 1: Y&ecirc;u cầu trực tiếp</strong></p>\r\n\r\n<p><strong>Bước 1:</strong>&nbsp;Truy cập link ho&agrave;n tiền của Xbox&nbsp;<a href=\"https://support.xbox.com/en-GB/help/subscriptions-billing/buy-games-apps/refund-orders\" style=\"box-sizing: border-box; background-color: transparent; color: rgb(20, 102, 120); text-decoration-line: none; touch-action: manipulation; display: inline-block; font-weight: 600;\">tại đ&acirc;y</a>. Sau đ&oacute; đăng nhập bằng t&agrave;i khoản Xbox của bạn.</p>\r\n\r\n<p><strong>Bước 2:</strong>&nbsp;K&eacute;o xuống đến phần Request Availability. Chọn Tựa game bạn muốn y&ecirc;u cầu ho&agrave;n tiền (refund) trong danh s&aacute;ch. Sau đ&oacute; nhấn chọn Request a refund.</p>\r\n\r\n<p><img alt=\"Cách gửi yêu cầu hoàn lại tiền game Xbox digital - Refund game Xbox\" src=\"https://haloshop.vn/image/catalog/blogs/cach-yeu-cau-hoan-tien-game-da-mua-tren-xbox/cach-yeu-cau-hoan-tien-game-da-mua-tren-xbox-2.jpg\" style=\"align-self:flex-start; border:0px; box-sizing:border-box; cursor:pointer; display:block; font-family:nunito sans; font-size:15px; height:auto; margin:15px auto !important; max-width:100%; vertical-align:middle\" /></p>\r\n\r\n<p><strong>C&aacute;ch 2: Điền biểu mẫu</strong></p>\r\n\r\n<p>Trong trường hợp bạn kh&ocirc;ng thấy giao dịch m&agrave; bạn đang muốn được ho&agrave;n lại tiền th&igrave; c&oacute; thể gửi y&ecirc;u cầu refund theo c&aacute;ch thứ 2 sau đ&acirc;y:</p>\r\n\r\n<p><strong>Bước 1:</strong>&nbsp;Truy cập&nbsp;<a href=\"https://support.xbox.com/en-GB/forms/request-a-refund\" style=\"box-sizing: border-box; background-color: transparent; color: rgb(20, 102, 120); text-decoration-line: none; touch-action: manipulation; display: inline-block; font-weight: 600;\">link y&ecirc;u cầu ho&agrave;n tiền tại đ&acirc;y</a>. Sau đ&oacute; đăng nhập bằng t&agrave;i khoản Xbox c&oacute; giao dịch tựa game bạn muốn ho&agrave;n tiền.</p>\r\n\r\n<p><strong>Bước 2:</strong>&nbsp;Điền c&aacute;c th&ocirc;ng tin được y&ecirc;u cầu trong biểu mẫu.</p>\r\n\r\n<p><img alt=\"Cách gửi yêu cầu hoàn lại tiền game Xbox digital - Refund game Xbox\" src=\"https://haloshop.vn/image/catalog/blogs/cach-yeu-cau-hoan-tien-game-da-mua-tren-xbox/cach-yeu-cau-hoan-tien-game-da-mua-tren-xbox-3.jpg\" style=\"align-self:flex-start; border:0px; box-sizing:border-box; cursor:pointer; display:block; font-family:nunito sans; font-size:15px; height:auto; margin:15px auto !important; max-width:100%; vertical-align:middle\" /></p>\r\n\r\n<ul>\r\n	<li>What title would you like a refund for? (T&ecirc;n tr&ograve; chơi bạn muốn y&ecirc;u cầu ho&agrave;n tiền).</li>\r\n	<li>Order number (M&atilde; số đơn h&agrave;ng). Xem m&atilde; số đơn đặt h&agrave;ng tại link&nbsp;<strong>https://www.xbox.com/mypurchasehistory</strong></li>\r\n	<li>Select the reason why you need a refund (Chọn l&iacute; do bạn muốn trả h&agrave;ng ho&agrave;n tiền).</li>\r\n	<li>Enter any additional details you&rsquo;d like to include about the purchase below. (Điền th&ocirc;ng tin chi tiết về l&yacute; do ho&agrave;n tiền, ở mục n&agrave;y bạn kh&ocirc;ng điền cũng được).</li>\r\n	<li>Preferred email (Địa chỉ email m&agrave; Xbox sẽ gửi th&ocirc;ng b&aacute;o về y&ecirc;u cầu ho&agrave;n tiền của bạn. Địa chỉ email được li&ecirc;n kết với t&agrave;i khoản của bạn sẽ được tự động điền tại đ&acirc;y).</li>\r\n</ul>\r\n\r\n<p><strong>Bước 3:</strong>&nbsp;Sau khi điền xong bạn nhấn Submit.</p>\r\n\r\n<p>Bạn sẽ nhận được email x&aacute;c nhận v&agrave; sẽ nhận được phản hồi từ trong v&ograve;ng 72 giờ sau đ&oacute;. H&atilde;y nhớ kiểm tra mục thư r&aacute;c hoặc thư Spam trong t&agrave;i khoản email của bạn nếu sau 72 giờ m&agrave; bạn vẫn chưa nhận được email quyết định.</p>\r\n\r\n<p><strong>Bạn c&oacute; thể theo d&otilde;i trạng th&aacute;i y&ecirc;u cầu ho&agrave;n lại tiền của bạn tại&nbsp;https://account.microsoft.com/billing/orders.</strong></p>\r\n', '20220402151945cach-yeu-cau-hoan-tien-game-da-mua-tren-xbox-1.jpg', '2022-04-02', 'nhi - HALOSHOP', 1),
(10, 'Top game miễn phí trên PlayStation trong tháng 2/2022', 'Game miễn phí PlayStation Plus tháng 2/2022PlayStation Plus là gì? Xem tại đây.EA Sports UFC 4 Tiny Tina’s Assault on Dragon Keep: A Wonderlands One-shot Adventure Planet Coaster: Console Edition ..', '<h3>GAME MIỄN PH&Iacute; PLAYSTATION PLUS TH&Aacute;NG 2/2022</h3>\r\n\r\n<p><img alt=\"Game Miễn Phí Tháng 2\" src=\"https://haloshop.vn/image/catalog/blogs/game-mien-phi-thang-nay/2022/game-playstation-mien-phi-thang-2-2022-1.jpg\" style=\"align-self:flex-start; border:0px; box-sizing:border-box; cursor:pointer; display:block; font-family:nunito sans; font-size:15px; height:auto; margin:15px auto !important; max-width:100%; vertical-align:middle\" /></p>\r\n\r\n<p><a href=\"https://haloshop.vn/psn-ps-plus-ps-plus-collection-la-gi\" style=\"box-sizing: border-box; background-color: transparent; color: rgb(20, 102, 120); text-decoration-line: none; touch-action: manipulation; display: inline-block;\">PlayStation Plus l&agrave; g&igrave;? Xem tại đ&acirc;y.</a></p>\r\n\r\n<ol>\r\n	<li>EA Sports UFC 4</li>\r\n	<li>Tiny Tina&rsquo;s Assault on Dragon Keep: A Wonderlands One-shot Adventure</li>\r\n	<li>Planet Coaster: Console Edition</li>\r\n</ol>\r\n\r\n<p><strong>Lưu &yacute;:</strong><br />\r\n- Thời gian bắt đầu để nhận c&aacute;c tựa game tr&ecirc;n l&agrave; 1/2/2022.<br />\r\n- Hạn ch&oacute;t để nhận c&aacute;c tựa game PS Plus của th&aacute;ng 2 l&agrave; 28/2/2022.</p>\r\n\r\n<h3>GAME MIỄN PH&Iacute; PLAYSTATION NOW TH&Aacute;NG 2/2022</h3>\r\n\r\n<p><img alt=\"Game Miễn Phí Tháng 2\" src=\"https://haloshop.vn/image/catalog/blogs/game-mien-phi-thang-nay/2022/game-playstation-mien-phi-thang-2-2022-2.jpg\" style=\"align-self:flex-start; border:0px; box-sizing:border-box; cursor:pointer; display:block; font-family:nunito sans; font-size:15px; height:auto; margin:15px auto !important; max-width:100%; vertical-align:middle\" /></p>\r\n\r\n<p><a href=\"https://haloshop.vn/ps-now-dich-vu-dang-tien-cho-game-thu-playstation-va-pc\" style=\"box-sizing: border-box; background-color: transparent; color: rgb(20, 102, 120); text-decoration-line: none; touch-action: manipulation; display: inline-block;\">PlayStation Now l&agrave; g&igrave;? Xem tại đ&acirc;y.</a></p>\r\n\r\n<ol>\r\n	<li>Grand Theft Auto: Vice City &ndash; The Definitive Edition</li>\r\n	<li>Little Big Workshop</li>\r\n	<li>Through the Darkest of Times</li>\r\n	<li>Death Squared</li>\r\n</ol>\r\n\r\n<p><strong>Lưu &yacute;:</strong><br />\r\n- Thời gian bắt đầu để nhận c&aacute;c tựa game tr&ecirc;n l&agrave; 1/2/2022.</p>\r\n', '20220402152029game-playstation-mien-phi-thang-2-2022-1.jpg', '2022-04-02', 'nhi - HALOSHOP', 1),
(11, 'Những tựa game đáng mong đợi tháng 2/2022 - Tháng này chơi gì', 'Kính chào năm mới! HaLo và Say Game xin gửi những lời chúc bình an đến với mọi khán giả đã đồng hành cùng HaLo suốt thời gian qua và sẽ còn ủng hộ trong tương lai về sau. Những ngày nghỉ Tết tuy ngắn ..', '<p><strong><em>K&iacute;nh ch&agrave;o năm mới! HaLo v&agrave; Say Game xin gửi những lời ch&uacute;c b&igrave;nh an đến với mọi kh&aacute;n giả đ&atilde; đồng h&agrave;nh c&ugrave;ng HaLo suốt thời gian qua v&agrave; sẽ c&ograve;n ủng hộ trong tương lai về sau.</em></strong></p>\r\n\r\n<p>Những ng&agrave;y nghỉ Tết tuy ngắn nhưng lại l&agrave; cơ hội tốt cho một số bạn c&oacute; thể tăng thu nhập đột biến nhưng cũng sẽ khiến c&aacute;c anh em kh&aacute;c hao hụt kha kh&aacute; số dư. D&ugrave; vậy c&aacute;c bạn cũng đừng qu&ecirc;n c&aacute;c tựa game cực phẩm sẽ l&ecirc;n kệ trong th&aacute;ng 2 n&agrave;y v&agrave; nhanh ch&oacute;ng bổ sung v&agrave;o bộ sưu tập của m&igrave;nh nh&eacute;. V&agrave; đ&acirc;y l&agrave; video Những tựa game Hay th&aacute;ng 2/2022 của&nbsp;<a href=\"https://www.youtube.com/c/saygame?sub_confirmation=1\" style=\"box-sizing: border-box; background-color: transparent; color: rgb(20, 102, 120); text-decoration-line: none; touch-action: manipulation; display: inline-block; font-weight: 600;\" target=\"_blank\">SAY GAME</a>.</p>\r\n\r\n<ul>\r\n	<li><a href=\"https://haloshop.vn/huong-dan-cai-dat-ps5-chi-tiet-tu-a-den-z\" style=\"box-sizing: border-box; background-color: transparent; color: rgb(20, 102, 120); text-decoration-line: none; touch-action: manipulation; display: inline-block;\"><em>Hướng dẫn c&agrave;i đặt PS5 chi tiết từ A-Z PS5</em></a></li>\r\n</ul>\r\n\r\n<p><strong><em>Xem th&ecirc;m nhiều video đặc sắc hơn tại&nbsp;<a href=\"https://www.youtube.com/c/saygame?sub_confirmation=1\" style=\"box-sizing: border-box; background-color: transparent; color: rgb(20, 102, 120); text-decoration-line: none; touch-action: manipulation; display: inline-block;\" target=\"_blank\">SAY GAME Youtube Channel</a></em></strong></p>\r\n\r\n<h3>DYING LIGHT 2 STAY HUMAN</h3>\r\n\r\n<p>Mở đầu l&agrave; tựa game đ&aacute;ng mong đợi Dying Light 2 Stay Human. L&agrave; phần kế tiếp của tựa game Dying Light ra mắt năm 2015, mang phong c&aacute;ch h&agrave;nh động nhập vai, được ph&aacute;t triển v&agrave; ph&aacute;t h&agrave;nh bởi Techland. Dying Light 2 đặt trong bối cảnh tận thế zombie, khoảng thời gian 20 năm sau c&acirc;u chuyện đ&atilde; xảy đến trong phần game gốc. Người chơi sẽ h&oacute;a th&acirc;n v&agrave;o một nh&acirc;n vật ho&agrave;n to&agrave;n mới - Aiden Caldwell, người cũng đ&atilde; bị virus l&acirc;y nhiễm nhưng anh quyết kh&ocirc;ng khuất phục v&agrave; đ&aacute;nh mất bản th&acirc;n. Thay v&agrave;o đ&oacute;, Aiden chọn c&aacute;ch gia nhập v&agrave;o tổ chức, t&igrave;m con đường giải cứu thế giới cũng đồng thời tự t&igrave;m chiếc ch&igrave;a kh&oacute;a cứu lấy ch&iacute;nh anh. Liệu cuộc chiến tại th&agrave;nh tr&igrave; cuối c&ugrave;ng của lo&agrave;i người -The City, trước đội qu&acirc;n x&aacute;c sống h&ugrave;ng hậu c&oacute; th&agrave;nh c&ocirc;ng?</p>\r\n\r\n<p><strong>Ch&uacute;ng ta sẽ được biết, khi cuộc h&agrave;nh tr&igrave;nh của Aiden trong Dying Light 2 Stay Human ra mắt v&agrave;o ng&agrave;y 05/02/2022 tr&ecirc;n PS4, PS5, Xbox One, Xbox Series, PC v&agrave; Switch.</strong></p>\r\n\r\n<p><img alt=\"Tháng này chơi gì\" src=\"https://haloshop.vn/image/catalog/blogs/thang-nay-choi-gi/nhung-tua-game-dang-choi-thang-2-2022-1.jpg\" style=\"align-self:flex-start; border:0px; box-sizing:border-box; cursor:pointer; display:block; font-family:nunito sans; font-size:15px; height:auto; margin:15px auto !important; max-width:100%; vertical-align:middle\" /></p>\r\n\r\n<h3>SIFU</h3>\r\n\r\n<p>Sifu đến từ đội ngũ Sloclap sẽ đưa người chơi sẽ v&agrave;o vai một học vi&ecirc;n Kungfu trẻ tuổi đang tr&ecirc;n con đường ti&ecirc;u diệt những kẻ đ&atilde; giết hại gia đ&igrave;nh anh. Nếu phạm phải sai lầm v&agrave; mất mạng, c&aacute;i gi&aacute; anh phải trả ch&iacute;nh l&agrave; sự l&atilde;o h&oacute;a sau mỗi lần hồi sinh. C&agrave;ng gi&agrave; đi, kinh nghiệm thực chiến v&agrave; sức mạnh c&agrave;ng tăng nhưng điểm m&aacute;u của nh&acirc;n vật ch&iacute;nh sẽ c&agrave;ng giảm xuống. Nhiệm vụ của người chơi l&agrave; ho&agrave;n tất bổn phận trả th&ugrave; trước khi thời gian của anh ta cạn kiệt.</p>\r\n\r\n<p><strong>Sifu sẽ l&ecirc;n kệ v&agrave;o ng&agrave;y 08/02/2022 tr&ecirc;n c&aacute;c hệ m&aacute;y PS4, PS5 v&agrave; PC.</strong></p>\r\n\r\n<p><img alt=\"Tháng này chơi gì\" src=\"https://haloshop.vn/image/catalog/blogs/thang-nay-choi-gi/nhung-tua-game-dang-choi-thang-2-2022-2.jpg\" style=\"align-self:flex-start; border:0px; box-sizing:border-box; cursor:pointer; display:block; font-family:nunito sans; font-size:15px; height:auto; margin:15px auto !important; max-width:100%; vertical-align:middle\" /></p>\r\n\r\n<h3>CROSSFIRE X</h3>\r\n\r\n<p>L&agrave; tựa game bắn s&uacute;ng g&oacute;c nh&igrave;n thứ nhất v&agrave; l&agrave; phi&ecirc;n bản console của CrossFire (2007) - tuổi thơ của rất nhiều anh em. CrossFire X sở hữu yếu tố chơi miễn ph&iacute; tương tự như CS:GO, hai phe c&ugrave;ng nhau đối đầu, cạnh tranh trong số lượt trận cố định để gi&agrave;nh chiến thắng. Qua trailer, chế độ chơi cổ điển sẽ đặt những người chơi th&agrave;nh hai phe tấn c&ocirc;ng v&agrave; ph&ograve;ng thủ. Phe tấn c&ocirc;ng nỗ lực đặt bom, trong khi phe ph&ograve;ng thủ phải d&ugrave;ng hết khả năng của m&igrave;nh để ngăn chặn h&agrave;nh động đ&oacute;. Tất cả người chơi đều được trang bị c&aacute;c loại s&uacute;ng ti&ecirc;u chuẩn. Chế độ Spectre l&agrave; một biến thể của chế độ cổ điển, trong đ&oacute; phe tấn c&ocirc;ng sẽ trở th&agrave;nh những b&oacute;ng ma v&agrave; chỉ được sử dụng dao thay v&igrave; c&aacute;c loại s&uacute;ng, họ sẽ ho&agrave;n to&agrave;n trở n&ecirc;n t&agrave;ng h&igrave;nh nếu như đứng bất động, kh&ocirc;ng di chuyển trong một thời gian. Ngo&agrave;i ra, c&ograve;n c&oacute; một chế độ kh&aacute; mới trong loại h&igrave;nh bắn s&uacute;ng chiến thuật - Chế độ Hiện đại. Hai b&ecirc;n c&oacute; nhiệm vụ đối đầu nhau để duy tr&igrave; quyền kiểm so&aacute;t hai trọng điểm của bản đồ. Chế độ chơi đơn sẽ kh&ocirc;ng được miễn ph&iacute;. Cốt truyện phần chơi đơn sẽ xoay quanh cuộc xung đột to&agrave;n cầu giữa 2 tập đo&agrave;n qu&acirc;n sự, Black List v&agrave; Global Risk.</p>\r\n\r\n<p><strong>CrossFire X sẽ độc quyền ph&aacute;t h&agrave;nh cho Xbox One v&agrave; Xbox Series v&agrave;o ng&agrave;y 10/02/2022.</strong></p>\r\n\r\n<p><img alt=\"Tháng này chơi gì\" src=\"https://haloshop.vn/image/catalog/blogs/thang-nay-choi-gi/nhung-tua-game-dang-choi-thang-2-2022-3.jpg\" style=\"align-self:flex-start; border:0px; box-sizing:border-box; cursor:pointer; display:block; font-family:nunito sans; font-size:15px; height:auto; margin:15px auto !important; max-width:100%; vertical-align:middle\" /></p>\r\n\r\n<h3>THE KING OF FIGHTERS XV</h3>\r\n\r\n<p>Một trong những trụ cột đối kh&aacute;ng - King of Fighters đ&atilde; trở lại với phần thứ 15, sau 6 năm kể từ phần game 14. Giống như những tr&ograve; chơi tiền nhiệm, The King of Fighters XV sử dụng một hệ thống chiến đấu theo đội 3 đấu sĩ. Hệ thống Parry - phản đ&ograve;n cũng trở lại với t&ecirc;n gọi Shatter Strike. Tựa game đ&atilde; th&ecirc;m lại hệ thống thanh lực MAX mode, cơ chế gi&uacute;p c&aacute;c đấu sĩ ra đ&ograve;n với s&aacute;t thương cao hơn khi được nạp đầy. N&uacute;t &ldquo;rush&rdquo; vẫn được giữ nguy&ecirc;n từ phần trước v&agrave; đ&atilde; được npt cập nhật, th&ecirc;m v&agrave;o đ&oacute; một số t&iacute;nh năng, gi&uacute;p người chơi mới dễ d&agrave;ng thực hiện combo lẫn c&aacute;c đ&ograve;n ultimate hơn.</p>\r\n\r\n<p><strong>The King of Fighters XV sẽ được SNK ph&aacute;t h&agrave;nh cho c&aacute;c hệ m&aacute;y PS4, PS5, Xbox One, Xbox Series v&agrave; PC v&agrave;o ng&agrave;y 17.02/2022.</strong></p>\r\n\r\n<p><img alt=\"Tháng này chơi gì\" src=\"https://haloshop.vn/image/catalog/blogs/thang-nay-choi-gi/nhung-tua-game-dang-choi-thang-2-2022-4.jpg\" style=\"align-self:flex-start; border:0px; box-sizing:border-box; cursor:pointer; display:block; font-family:nunito sans; font-size:15px; height:auto; margin:15px auto !important; max-width:100%; vertical-align:middle\" /></p>\r\n\r\n<h3>HORIZON FORBIDDEN WEST</h3>\r\n\r\n<p>Aloy ch&iacute;nh thức quay trở lại với phần hậu bản cho Horizon Zero Dawn năm 2017. V&agrave; cuộc h&agrave;nh tr&igrave;nh trong Forbidden West sẽ dẫn dắt người chơi đến với bờ t&acirc;y nước Mỹ hậu tận thế. Qua trailer, ch&uacute;ng ta đ&atilde; thấy nỗ lực của Guerrilla Games trong việc trau chuốt từng đường n&eacute;t g&oacute;c cạnh, những khung cảnh tr&aacute;ng lệ lẫn c&aacute;c tạo h&igrave;nh qu&aacute;i vật m&aacute;y mới, đặc biệt phải kể đến l&agrave; gameplay ở dưới nước. Những kh&oacute; khăn ph&iacute;a trước c&ugrave;ng với nhiều b&iacute; ẩn xoay quanh cơn đại dịch đang ho&agrave;nh h&agrave;nh nơi n&agrave;y, sẽ được Aloy l&agrave;m s&aacute;ng tỏ khi Horizon Forbidden West tr&igrave;nh l&agrave;ng.</p>\r\n\r\n<p><strong>Horizon Forbidden West sẽ c&oacute; mặt tr&ecirc;n PS4, PS5 v&agrave;o ng&agrave;y 18/02/2022.</strong></p>\r\n\r\n<h3>MONARK</h3>\r\n\r\n<p>Tỉnh giấc trong học viện Shin Mikado, nơi đang ch&igrave;m trong m&agrave;n sương m&ugrave; b&iacute; ẩn v&agrave; bị kiểm so&aacute;t bởi một thế lực hắc &aacute;m. Duy nhất chỉ c&oacute; bạn trong vai một nh&acirc;n vật với tạo h&igrave;nh sẵn c&oacute;, sẽ lựa chọn cho m&igrave;nh 1 trong 4 người bạn đ&aacute;ng tin cậy. Người m&agrave; sẽ chấp nhận đồng h&agrave;nh c&ugrave;ng bạn tạo n&ecirc;n một d&ograve;ng chảy định mệnh, qua đ&oacute;,c&oacute; thể cứu rỗi thế giới n&agrave;y trước khi tất cả trở n&ecirc;n sụp đổ. Bản th&acirc;n nh&acirc;n vật ch&iacute;nh cũng phải thuận theo v&ograve;ng xo&aacute;y của những c&aacute;m dỗ, tuy nhi&ecirc;n cậu cần phải học c&aacute;ch bồi đắp bản ng&atilde;, tăng cường sức mạnh của m&igrave;nh lẫn c&aacute;c đồng đội để kh&ocirc;ng bị mất kiểm so&aacute;t trước cơn &aacute;c mộng n&agrave;y tưởng chừng như v&ocirc; tận n&agrave;y.</p>\r\n\r\n<p><strong>Monark sẽ cập bến tr&ecirc;n PS4, PS5, PC v&agrave; Switch v&agrave;o ng&agrave;y 22/02/2022.</strong></p>\r\n\r\n<p><img alt=\"Tháng này chơi gì\" src=\"https://haloshop.vn/image/catalog/blogs/thang-nay-choi-gi/nhung-tua-game-dang-choi-thang-2-2022-5.jpg\" style=\"align-self:flex-start; border:0px; box-sizing:border-box; cursor:pointer; display:block; font-family:nunito sans; font-size:15px; height:auto; margin:15px auto !important; max-width:100%; vertical-align:middle\" /></p>\r\n\r\n<h3>MARTHA IS DEAD</h3>\r\n\r\n<p>Martha is Dead, một tr&ograve; chơi kinh dị t&acirc;m l&yacute; g&oacute;c nh&igrave;n thứ nhất, được kết hợp với t&ocirc;ng m&agrave;u mang đến cảm gi&aacute;c kh&oacute; chịu v&agrave; hiệu ứng mờ ảo trong nhận thức c&ugrave;ng sự pha trộn của lịch sử, t&iacute;n ngưỡng m&ecirc; t&iacute;n v&agrave; t&acirc;m tư dằn x&eacute; bởi sự đau khổ. Sản phẩm từ đội ngũ đ&atilde; tạo ra The Town of Light. Martha is Dead lấy bối cảnh ở Tuscany v&agrave;o năm 1944, khoảng thời gian xung đột cao tr&agrave;o của thế chiến thứ hai giữa Đức - Li&ecirc;n minh thuộc phe Trục v&agrave; lực lượng Đồng minh của Hoa Kỳ, Vương quốc Anh v&agrave; phần Đế chế của quốc gia n&agrave;y. Trong Martha is Dead, mở đầu l&agrave; việc ph&aacute;t hiện thi thể của một phụ nữ chết đuối, trong t&igrave;nh trạng bị x&acirc;m hại đ&atilde; được t&igrave;m thấy ở b&ecirc;n bờ hồ. C&ocirc; g&aacute;i ấy ch&iacute;nh l&agrave; Martha, cũng l&agrave; ti&ecirc;u đề cho c&acirc;u chuyện về c&aacute;i chết đầy o&aacute;n hận của c&ocirc;. Giờ đ&acirc;y, người chị em song sinh của Martha phải đối mặt với tai họa t&acirc;m linh từ sau vụ s&aacute;t hại d&atilde; man đ&oacute;. Những tổn thương t&acirc;m l&yacute; nặng nề đến tận c&ugrave;ng mất m&aacute;t, cộng hưởng với nỗi kinh ho&agrave;ng của chiến tranh ập đến c&agrave;ng khiến cho Martha is Dead c&agrave;ng trở n&ecirc;n đ&aacute;ng sợ hơn bao giờ hết.</p>\r\n\r\n<p><strong>Martha is Dead sẽ được ph&aacute;t h&agrave;nh tr&ecirc;n PS4, PS5, Xbox One, Xbox Series v&agrave; PC v&agrave;o ng&agrave;y 24/02/2022.</strong></p>\r\n\r\n<p><img alt=\"Tháng này chơi gì\" src=\"https://haloshop.vn/image/catalog/blogs/thang-nay-choi-gi/nhung-tua-game-dang-choi-thang-2-2022-6.jpg\" style=\"align-self:flex-start; border:0px; box-sizing:border-box; cursor:pointer; display:block; font-family:nunito sans; font-size:15px; height:auto; margin:15px auto !important; max-width:100%; vertical-align:middle\" /></p>\r\n\r\n<h3>ELDEN RING</h3>\r\n\r\n<p>Trong năm 2021, Elden Ring từ FromSoftware đ&atilde; gi&agrave;nh chiến thắng hạng mục Game đ&aacute;ng mong đợi nhất trong hầu hết c&aacute;c sự kiện n&oacute; g&oacute;p mặt. Elden Ring l&agrave; tựa game c&oacute; sự tham gia của nh&agrave; bi&ecirc;n kịch George R.R. Martin, cha đẻ của tiểu thuyết A Song of Ice and Fire, đ&atilde; được chuyển thể th&agrave;nh loạt phim Game of Thrones tr&ecirc;n k&ecirc;nh HBO. Đối với Hidetaka Miyazaki m&agrave; n&oacute;i, đ&acirc;y l&agrave; tựa game Soul-likes tham vọng nhất &ocirc;ng từng thực hiện. Bởi Elden Ring kh&ocirc;ng chỉ kế thừa nguy&ecirc;n vẹn tinh thần series Dark Souls hay Demon&rsquo;s Souls m&agrave; thế giới kỳ vĩ của Elden Ring c&ograve;n sở hữu trong n&oacute; khối lượng truyền thuyết phong ph&uacute; v&agrave; bề d&agrave;y lịch sử đẫm m&aacute;u hơn rất nhiều.</p>\r\n\r\n<p>Trong game, người chơi sẽ phải thực hiện h&agrave;ng loạt nhiệm vụ kh&aacute;c nhau, qua đ&oacute; thu nhặt những mảnh vỡ đ&atilde; bị ph&acirc;n t&aacute;n của chiếc nhẫn Elden, đang được những hậu duệ của Nữ Ho&agrave;ng Marika nắm giữ, kh&ocirc;i phục lại chiếc nhẫn trước khi những mảnh gh&eacute;p n&agrave;y hủy hoại to&agrave;n bộ Lands Between.</p>\r\n\r\n<p><strong>Elden Ring - bom tấn mở m&agrave;n 2022, được dự kiến ph&aacute;t h&agrave;nh v&agrave;o ng&agrave;y 25/02/2022 tr&ecirc;n c&aacute;c hệ m&aacute;y PS4, PS5, Xbox One, Xbox Series v&agrave; PC.</strong></p>\r\n\r\n<p><img alt=\"Tháng này chơi gì\" src=\"https://haloshop.vn/image/catalog/blogs/thang-nay-choi-gi/nhung-tua-game-dang-choi-thang-2-2022-7.jpg\" style=\"align-self:flex-start; border:0px; box-sizing:border-box; cursor:pointer; display:block; font-family:nunito sans; font-size:15px; height:auto; margin:15px auto !important; max-width:100%; vertical-align:middle\" /></p>\r\n\r\n<h3>MỘT SỐ C&Aacute;I T&Ecirc;N KH&Aacute;C Đ&Aacute;NG CH&Uacute; &Yacute; TRONG TH&Aacute;NG 2</h3>\r\n\r\n<p><img alt=\"Tháng này chơi gì\" src=\"https://haloshop.vn/image/catalog/blogs/nhung-tua-game-dang-choi-thang-2-2022-8.jpg\" style=\"align-self:flex-start; border:0px; box-sizing:border-box; cursor:pointer; display:block; font-family:nunito sans; font-size:15px; height:auto; margin:15px auto !important; max-width:100%; vertical-align:middle\" /></p>\r\n\r\n<div>&nbsp;</div>\r\n', '20220402152116nhung-tua-game-dang-choi-thang-2-2022-8.jpg', '2022-04-02', 'nhi - HALOSHOP', 1);

--
-- Indexes for dumped tables
--

--
-- Indexes for table `chitiethoadon`
--


/*!40101 SET CHARACTER_SET_CLIENT=@OLD_CHARACTER_SET_CLIENT */;
/*!40101 SET CHARACTER_SET_RESULTS=@OLD_CHARACTER_SET_RESULTS */;
/*!40101 SET COLLATION_CONNECTION=@OLD_COLLATION_CONNECTION */;
